site_path,site_id,list_display_name,list_name,list_id,list_web_url,field_display_name,field_internal_name_graph,field_internal_name_for_create,field_id,type,required,hidden,read_only,indexed,unique,default_value,description,choices,choice_allow_text_entry,choice_display_as,text_max_length,number_minimum,number_maximum,number_decimal_places,date_time_display_as,date_time_format,lookup_list_id,lookup_column_name,lookup_allow_multiple,person_allow_multiple,person_choose_from_type,person_display_as,calculated_formula,calculated_output_type
/sites/ConectaDEV,"metromalaga.sharepoint.com,26c2952e-cdd2-486f-aef3-b4feac1dd2b8,96adc88b-6e6f-4778-8583-2fcae8591186",Agradecimientos,Agradecimientos,af8e68ea-ba87-4098-8749-720e267d3160,https://metromalaga.sharepoint.com/sites/ConectaDEV/Lists/Agradecimientos,Apellidos,Apellidos,Apellidos,0b1ed7f5-f466-4610-9f41-fd8c92b4c7e7,text,False,False,False,False,False,,,,,,255.0,,,,,,,,,,,,,
/sites/ConectaDEV,"metromalaga.sharepoint.com,26c2952e-cdd2-486f-aef3-b4feac1dd2b8,96adc88b-6e6f-4778-8583-2fcae8591186",Agradecimientos,Agradecimientos,af8e68ea-ba87-4098-8749-720e267d3160,https://metromalaga.sharepoint.com/sites/ConectaDEV/Lists/Agradecimientos,CP,CP,CP,3f6a1bc9-6c46-4ed0-971b-f3918b7389ee,text,False,False,False,False,False,,,,,,255.0,,,,,,,,,,,,,
/sites/ConectaDEV,"metromalaga.sharepoint.com,26c2952e-cdd2-486f-aef3-b4feac1dd2b8,96adc88b-6e6f-4778-8583-2fcae8591186",Agradecimientos,Agradecimientos,af8e68ea-ba87-4098-8749-720e267d3160,https://metromalaga.sharepoint.com/sites/ConectaDEV/Lists/Agradecimientos,Colectivos,Colectivos,Colectivos,46940aa0-e85d-4405-90e1-2f16a535937e,text,False,False,False,False,False,,,,,,255.0,,,,,,,,,,,,,
/sites/ConectaDEV,"metromalaga.sharepoint.com,26c2952e-cdd2-486f-aef3-b4feac1dd2b8,96adc88b-6e6f-4778-8583-2fcae8591186",Agradecimientos,Agradecimientos,af8e68ea-ba87-4098-8749-720e267d3160,https://metromalaga.sharepoint.com/sites/ConectaDEV/Lists/Agradecimientos,Datos adjuntos,Attachments,Attachments,67df98f4-9dec-48ff-a553-29bece9c5bf4,unknown,False,False,False,False,False,,,,,,,,,,,,,,,,,,,
/sites/ConectaDEV,"metromalaga.sharepoint.com,26c2952e-cdd2-486f-aef3-b4feac1dd2b8,96adc88b-6e6f-4778-8583-2fcae8591186",Agradecimientos,Agradecimientos,af8e68ea-ba87-4098-8749-720e267d3160,https://metromalaga.sharepoint.com/sites/ConectaDEV/Lists/Agradecimientos,Descripcion,Descripcion,Descripcion,652a6efb-232d-4251-9e4d-e54825774feb,text,False,False,False,False,False,,,,,,,,,,,,,,,,,,,
/sites/ConectaDEV,"metromalaga.sharepoint.com,26c2952e-cdd2-486f-aef3-b4feac1dd2b8,96adc88b-6e6f-4778-8583-2fcae8591186",Agradecimientos,Agradecimientos,af8e68ea-ba87-4098-8749-720e267d3160,https://metromalaga.sharepoint.com/sites/ConectaDEV/Lists/Agradecimientos,Dirección,Direccion,Direccion,837ef83b-4981-47d4-bd46-1fdbc026c44c,text,False,False,False,False,False,,,,,,255.0,,,,,,,,,,,,,
/sites/ConectaDEV,"metromalaga.sharepoint.com,26c2952e-cdd2-486f-aef3-b4feac1dd2b8,96adc88b-6e6f-4778-8583-2fcae8591186",Agradecimientos,Agradecimientos,af8e68ea-ba87-4098-8749-720e267d3160,https://metromalaga.sharepoint.com/sites/ConectaDEV/Lists/Agradecimientos,DirigidoA,DirigidoA,DirigidoA,931924bb-0017-4d80-a2ea-3b66e1c57231,choice,False,False,False,False,False,,,Personal de Metro de Málaga|Personal de Vigilancia (Seguridad)|Personal de la Oficina de Atención al Cliente|Quiero agradecer a varios colectivos (indique cuáles)|Es un agradecimiento general sobre el servicio,False,dropDownMenu,,,,,,,,,,,,,,
/sites/ConectaDEV,"metromalaga.sharepoint.com,26c2952e-cdd2-486f-aef3-b4feac1dd2b8,96adc88b-6e6f-4778-8583-2fcae8591186",Agradecimientos,Agradecimientos,af8e68ea-ba87-4098-8749-720e267d3160,https://metromalaga.sharepoint.com/sites/ConectaDEV/Lists/Agradecimientos,E-mail,CorreoElectronico,CorreoElectronico,38eb47b6-182b-4453-aecc-036475299cd1,text,False,False,False,False,False,,,,,,255.0,,,,,,,,,,,,,
/sites/ConectaDEV,"metromalaga.sharepoint.com,26c2952e-cdd2-486f-aef3-b4feac1dd2b8,96adc88b-6e6f-4778-8583-2fcae8591186",Agradecimientos,Agradecimientos,af8e68ea-ba87-4098-8749-720e267d3160,https://metromalaga.sharepoint.com/sites/ConectaDEV/Lists/Agradecimientos,Escalera,Escalera,Escalera,4e467279-c40a-4c8b-b9e0-d9737b5e4621,text,False,False,False,False,False,,,,,,255.0,,,,,,,,,,,,,
/sites/ConectaDEV,"metromalaga.sharepoint.com,26c2952e-cdd2-486f-aef3-b4feac1dd2b8,96adc88b-6e6f-4778-8583-2fcae8591186",Agradecimientos,Agradecimientos,af8e68ea-ba87-4098-8749-720e267d3160,https://metromalaga.sharepoint.com/sites/ConectaDEV/Lists/Agradecimientos,Estacion,Estacion,Estacion,7ac3a69b-23d3-417e-bc4d-e2197f561e11,choice,False,False,False,False,False,General / Ninguna específica,,General / Ninguna específica|Cualquiera de Línea 1|Guadalmedina|Atarazanas|Andalucía Tech|Carranque|Barbarela|El Clínico|La Unión|Universidad|Ciudad de la Justicia|El Cónsul|El Perchel|Paraninfo|Portada Alta|Cualquiera de Línea 2|Guadalmedina|La Luz - La Paz|La Isla|El Perchel|Puerta Blanca|Princesa - Huelin|El Torcal|Palacio de los Deportes,False,dropDownMenu,,,,,,,,,,,,,,
/sites/ConectaDEV,"metromalaga.sharepoint.com,26c2952e-cdd2-486f-aef3-b4feac1dd2b8,96adc88b-6e6f-4778-8583-2fcae8591186",Agradecimientos,Agradecimientos,af8e68ea-ba87-4098-8749-720e267d3160,https://metromalaga.sharepoint.com/sites/ConectaDEV/Lists/Agradecimientos,EstadoCliente,EstadoCliente,EstadoCliente,282d82ee-026c-4ea8-9fe9-3d130f55959c,choice,False,False,False,False,False,En trámite,,En trámite|Resuelta aceptada|Resuelta gestionada|Resuelta denegada,False,dropDownMenu,,,,,,,,,,,,,,
/sites/ConectaDEV,"metromalaga.sharepoint.com,26c2952e-cdd2-486f-aef3-b4feac1dd2b8,96adc88b-6e6f-4778-8583-2fcae8591186",Agradecimientos,Agradecimientos,af8e68ea-ba87-4098-8749-720e267d3160,https://metromalaga.sharepoint.com/sites/ConectaDEV/Lists/Agradecimientos,FechaEpisodio,FechaEpisodio,FechaEpisodio,704b9683-7efe-4781-b7a9-027f773c4fb0,dateTime,False,False,False,False,False,,,,,,,,,,standard,dateTime,,,,,,,,
/sites/ConectaDEV,"metromalaga.sharepoint.com,26c2952e-cdd2-486f-aef3-b4feac1dd2b8,96adc88b-6e6f-4778-8583-2fcae8591186",Agradecimientos,Agradecimientos,af8e68ea-ba87-4098-8749-720e267d3160,https://metromalaga.sharepoint.com/sites/ConectaDEV/Lists/Agradecimientos,FechaModificacionEstadoCliente,FechaModificacionEstadoCliente,FechaModificacionEstadoCliente,15721df4-7768-402c-8619-b29d2abe438c,dateTime,False,False,False,False,False,[today],,,,,,,,,standard,dateTime,,,,,,,,
/sites/ConectaDEV,"metromalaga.sharepoint.com,26c2952e-cdd2-486f-aef3-b4feac1dd2b8,96adc88b-6e6f-4778-8583-2fcae8591186",Agradecimientos,Agradecimientos,af8e68ea-ba87-4098-8749-720e267d3160,https://metromalaga.sharepoint.com/sites/ConectaDEV/Lists/Agradecimientos,Localidad,Localidad,Localidad,d679dcfd-fec1-4e93-ae12-469df90b229b,text,False,False,False,False,False,,,,,,255.0,,,,,,,,,,,,,
/sites/ConectaDEV,"metromalaga.sharepoint.com,26c2952e-cdd2-486f-aef3-b4feac1dd2b8,96adc88b-6e6f-4778-8583-2fcae8591186",Agradecimientos,Agradecimientos,af8e68ea-ba87-4098-8749-720e267d3160,https://metromalaga.sharepoint.com/sites/ConectaDEV/Lists/Agradecimientos,Lugar,Lugar,Lugar,cbda5cca-da5c-46b7-8026-80fafb15620b,choice,False,False,False,False,False,,,Una estación|Un tren|Oficina de Atención al Cliente,False,dropDownMenu,,,,,,,,,,,,,,
/sites/ConectaDEV,"metromalaga.sharepoint.com,26c2952e-cdd2-486f-aef3-b4feac1dd2b8,96adc88b-6e6f-4778-8583-2fcae8591186",Agradecimientos,Agradecimientos,af8e68ea-ba87-4098-8749-720e267d3160,https://metromalaga.sharepoint.com/sites/ConectaDEV/Lists/Agradecimientos,Motivo,Motivo,Motivo,1ad334b0-96f5-4bc1-94df-9f04b1e24582,choice,False,False,False,False,False,Atención del personal,,Atención del personal|Resolución de incidencia|Mejora del servicio|Estado de instalaciones|Información proporcionada|Actuación de seguridad|Asistencia sobre accesibilidad|Ayuda para recuperar un objeto|Otros,False,dropDownMenu,,,,,,,,,,,,,,
/sites/ConectaDEV,"metromalaga.sharepoint.com,26c2952e-cdd2-486f-aef3-b4feac1dd2b8,96adc88b-6e6f-4778-8583-2fcae8591186",Agradecimientos,Agradecimientos,af8e68ea-ba87-4098-8749-720e267d3160,https://metromalaga.sharepoint.com/sites/ConectaDEV/Lists/Agradecimientos,Nacionalidad,Nacionalidad,Nacionalidad,5420df68-174b-4fa9-ace6-5728fb68cd72,choice,False,False,False,False,False,,,"AFGANISTÁN|ÅLAND|ALBANIA|ALEMANIA|ANDORRA|ANGOLA|ANGUILA|ANTIGUA Y BARBUDA|ANTILLAS NEERLANDESAS|ARABIA SAUDITA|ARGELIA|ARGENTINA|ARMENIA|ARUBA|AUSTRALIA|AUSTRIA|AZERBAIYÁN|BAHAMAS|BARÉIN|BANGLADÉS|BARBADOS|BÉLGICA|BELICE|BENÍN|BERMUDAS|BIELORRUSIA|BIRMANIA|BOLIVIA|BOSNIA Y HERZEGOVINA|BOTSUANA|ISLA BOUVET|BRASIL|BRUNÉI|BULGARIA|BURKINA FASO|BURUNDI|BUTÁN|CABO VERDE|ISLAS CAIMÁN|CAMBOYA|CAMERÚN|CANADÁ|REPÚBLICA CENTROAFRICANA|CHAD|REPÚBLICA CHECA|CHILE|CHINA|COLOMBIA|COMORAS|REPÚBLICA DEL CONGO|REP. DEM. DEL CONGO|COREA DEL SUR|COSTA DE MARFIL|COSTA RICA|CROACIA|CUBA|DINAMARCA|DOMINICA|REPÚBLICA DOMINICANA|ECUADOR|EGIPTO|EL SALVADOR|ERITREA|ESCOCIA|ESLOVAQUIA|ESPAÑA|ESTADOS UNIDOS|ESTONIA|ETIOPÍA|ISLAS FEROE|FILIPINAS|FINLANDIA|FIYI|FRANCIA|GABÓN|GAMBIA|GEORGIA|GHANA|GIBRALTAR|GRANADA|GRECIA|GROENLANDIA|GUADALUPE|GUAM|GUATEMALA|GUAYANA FRANCESA|GUERNSEY|GUINEA|GUINEA ECUATORIAL|GUINEA-BISSAU|GUYANA|HAITÍ|ISLAS HEARD Y MCDONALD|HONDURAS|HONG KONG|HUNGRÍA|INDIA|INDONESIA|INGLATERRA|IRÁN|IRAK|IRLANDA|ISLANDIA|ISRAEL|ITALIA|JAMAICA|JAPÓN|JERSEY|JORDANIA|KAZAJISTÁN|KENIA|KIRGUISTÁN|KIRIBATI|KUWAIT|LAOS|LESOTO|LETONIA|LÍBANO|LIBERIA|LIBIA|LIECHTENSTEIN|LITUANIA|LUXEMBURGO|MACAO|REPÚBLICA DE MACEDONIA|MADAGASCAR|MALASIA|MALAUI|MALDIVAS|MALÍ|MALTA|ISLAS MALVINAS|ISLA DE MAN|ISLAS MARIANAS DEL NORTE|MARRUECOS|ISLAS MARSHALL|MARTINICA|MAURICIO|MAURITANIA|MAYOTTE|MÉXICO|MICRONESIA|MOLDAVIA|MÓNACO|MONGOLIA|MONTENEGRO|MONTSERRAT|MOZAMBIQUE|NAMIBIA|NAURU|ISLA DE NAVIDAD|NEPAL|NICARAGUA|NÍGER|NIGERIA|NIUE|NORFOLK|NORUEGA|NUEVA CALEDONIA|NUEVA ZELANDA|OMÁN|PAÍSES BAJOS|PAKISTÁN|PALAOS|AUTORIDAD NACIONAL PALESTINA|PANAMÁ|PAPÚA NUEVA GUINEA|PARAGUAY|PERÚ|ISLAS PITCAIRN|POLINESIA FRANCESA|POLONIA|PORTUGAL|PUERTO RICO|CATAR|REINO UNIDO|REUNIÓN|RUANDA|RUMANÍA|RUSIA|REPÚBLICA ÁRABE SAHARAUI DEMOCRÁTICA|ISLAS SALOMÓN|SAMOA|SAMOA ESTADOUNIDENSE|SAN BARTOLOMÉ|SAN CRISTÓBAL Y NIEVES|SAN MARINO|SAN MARTÍN|SAN PEDRO Y MIQUELÓN|SAN VICENTE Y LAS GRANADINAS|SANTA HELENA, A. Y T.|SANTA LUCÍA|SANTO TOMÉ Y PRÍNCIPE|SENEGAL|SERBIA|SEYCHELLES|SIERRA LEONA|SINGAPUR|SIRIA|SOMALIA|SRI LANKA|SUAZILANDIA|SUDÁFRICA|SUDÁN|SUECIA|SUIZA|SURINAM|SVALBARD Y JAN MAYEN|TAILANDIA|TAIWÁN|TANZANIA|TAYIKISTÁN|TERRITORIO BRITÁNICO DEL OCÉANO ÍNDICO|TERRITORIOS AUSTRALES FRANCESES|TIMOR ORIENTAL|TOGO|TOKELAU|TONGA|TRINIDAD Y TOBAGO|TÚNEZ|ISLAS TURCAS Y CAICOS|TURKMENISTÁN|TURQUÍA|TUVALU|UCRANIA|UGANDA|URUGUAY|UZBEKISTÁN|VANUATU|CIUDAD DEL VATICANO|VENEZUELA|VIETNAM|ISLAS VÍRGENES BRITÁNICAS|ISLAS VÍRGENES DE LOS ESTADOS UNIDOS|WALLIS Y FUTUNA|YEMEN|YIBUTI|ZAMBIA|ZIMBABUE",False,dropDownMenu,,,,,,,,,,,,,,
/sites/ConectaDEV,"metromalaga.sharepoint.com,26c2952e-cdd2-486f-aef3-b4feac1dd2b8,96adc88b-6e6f-4778-8583-2fcae8591186",Agradecimientos,Agradecimientos,af8e68ea-ba87-4098-8749-720e267d3160,https://metromalaga.sharepoint.com/sites/ConectaDEV/Lists/Agradecimientos,Nombre,Nombre,Nombre,283cf144-fc28-4286-80dc-908692c96fc7,text,False,False,False,False,False,,,,,,255.0,,,,,,,,,,,,,
/sites/ConectaDEV,"metromalaga.sharepoint.com,26c2952e-cdd2-486f-aef3-b4feac1dd2b8,96adc88b-6e6f-4778-8583-2fcae8591186",Agradecimientos,Agradecimientos,af8e68ea-ba87-4098-8749-720e267d3160,https://metromalaga.sharepoint.com/sites/ConectaDEV/Lists/Agradecimientos,NumIdentificacionPersonaTrabajadora,NumIdentificacionPersonaTrabajad,NumIdentificacionPersonaTrabajad,ed487804-b310-41d1-a99c-1a3a5bd591a4,text,False,False,False,False,False,,,,,,255.0,,,,,,,,,,,,,
/sites/ConectaDEV,"metromalaga.sharepoint.com,26c2952e-cdd2-486f-aef3-b4feac1dd2b8,96adc88b-6e6f-4778-8583-2fcae8591186",Agradecimientos,Agradecimientos,af8e68ea-ba87-4098-8749-720e267d3160,https://metromalaga.sharepoint.com/sites/ConectaDEV/Lists/Agradecimientos,Nº de documento,NumeroDeDocumento,NumeroDeDocumento,562e3e98-9c43-4d90-9b8b-69c6ad42d56f,text,False,False,False,False,False,,,,,,255.0,,,,,,,,,,,,,
/sites/ConectaDEV,"metromalaga.sharepoint.com,26c2952e-cdd2-486f-aef3-b4feac1dd2b8,96adc88b-6e6f-4778-8583-2fcae8591186",Agradecimientos,Agradecimientos,af8e68ea-ba87-4098-8749-720e267d3160,https://metromalaga.sharepoint.com/sites/ConectaDEV/Lists/Agradecimientos,Nº solicitud,Title,Title,fa564e0f-0c70-4ab9-b863-0177e6ddd247,text,True,False,False,False,False,,,,,,255.0,,,,,,,,,,,,,
/sites/ConectaDEV,"metromalaga.sharepoint.com,26c2952e-cdd2-486f-aef3-b4feac1dd2b8,96adc88b-6e6f-4778-8583-2fcae8591186",Agradecimientos,Agradecimientos,af8e68ea-ba87-4098-8749-720e267d3160,https://metromalaga.sharepoint.com/sites/ConectaDEV/Lists/Agradecimientos,Número,Numero,Numero,91b0007e-8c45-45be-a92c-3c5965078446,text,False,False,False,False,False,,,,,,255.0,,,,,,,,,,,,,
/sites/ConectaDEV,"metromalaga.sharepoint.com,26c2952e-cdd2-486f-aef3-b4feac1dd2b8,96adc88b-6e6f-4778-8583-2fcae8591186",Agradecimientos,Agradecimientos,af8e68ea-ba87-4098-8749-720e267d3160,https://metromalaga.sharepoint.com/sites/ConectaDEV/Lists/Agradecimientos,Piso,Piso,Piso,6ac840cd-2157-430e-b42d-d1b36c063e10,text,False,False,False,False,False,,,,,,255.0,,,,,,,,,,,,,
/sites/ConectaDEV,"metromalaga.sharepoint.com,26c2952e-cdd2-486f-aef3-b4feac1dd2b8,96adc88b-6e6f-4778-8583-2fcae8591186",Agradecimientos,Agradecimientos,af8e68ea-ba87-4098-8749-720e267d3160,https://metromalaga.sharepoint.com/sites/ConectaDEV/Lists/Agradecimientos,Provincia,Provincia,Provincia,5585d907-2320-4970-b940-ec517fc4c080,text,False,False,False,False,False,,,,,,255.0,,,,,,,,,,,,,
/sites/ConectaDEV,"metromalaga.sharepoint.com,26c2952e-cdd2-486f-aef3-b4feac1dd2b8,96adc88b-6e6f-4778-8583-2fcae8591186",Agradecimientos,Agradecimientos,af8e68ea-ba87-4098-8749-720e267d3160,https://metromalaga.sharepoint.com/sites/ConectaDEV/Lists/Agradecimientos,Puerta,Puerta,Puerta,26ac12f9-f19d-4a3c-8331-68ed372a23ee,text,False,False,False,False,False,,,,,,255.0,,,,,,,,,,,,,
/sites/ConectaDEV,"metromalaga.sharepoint.com,26c2952e-cdd2-486f-aef3-b4feac1dd2b8,96adc88b-6e6f-4778-8583-2fcae8591186",Agradecimientos,Agradecimientos,af8e68ea-ba87-4098-8749-720e267d3160,https://metromalaga.sharepoint.com/sites/ConectaDEV/Lists/Agradecimientos,Teléfono,Telefono,Telefono,b68962d0-faad-4452-b613-2ebbe2de6190,text,False,False,False,False,False,,,,,,255.0,,,,,,,,,,,,,
/sites/ConectaDEV,"metromalaga.sharepoint.com,26c2952e-cdd2-486f-aef3-b4feac1dd2b8,96adc88b-6e6f-4778-8583-2fcae8591186",Agradecimientos,Agradecimientos,af8e68ea-ba87-4098-8749-720e267d3160,https://metromalaga.sharepoint.com/sites/ConectaDEV/Lists/Agradecimientos,Tipo de contenido,ContentType,ContentType,c042a256-787d-4a6f-8a8a-cf6ab767f12d,unknown,False,False,False,False,False,,,,,,,,,,,,,,,,,,,
/sites/ConectaDEV,"metromalaga.sharepoint.com,26c2952e-cdd2-486f-aef3-b4feac1dd2b8,96adc88b-6e6f-4778-8583-2fcae8591186",Agradecimientos,Agradecimientos,af8e68ea-ba87-4098-8749-720e267d3160,https://metromalaga.sharepoint.com/sites/ConectaDEV/Lists/Agradecimientos,Tipo de documento,TipoDeDocumento,TipoDeDocumento,07858aa0-efdb-4c20-9651-9be11a4f7b97,choice,False,False,False,False,False,,,NIF|PAS|NIE,False,dropDownMenu,,,,,,,,,,,,,,
/sites/ConectaDEV,"metromalaga.sharepoint.com,26c2952e-cdd2-486f-aef3-b4feac1dd2b8,96adc88b-6e6f-4778-8583-2fcae8591186",Agradecimientos,Agradecimientos,af8e68ea-ba87-4098-8749-720e267d3160,https://metromalaga.sharepoint.com/sites/ConectaDEV/Lists/Agradecimientos,Tren,Tren,Tren,31e6c510-79a7-413f-90e7-3f3af2c8bfe5,choice,False,False,False,False,False,,,No sé qué tren es|UT-3010|UT-3020|UT-3030|UT-3040|UT-3050|UT-3060|UT-3070|UT-3080|UT-3090|UT-3100|UT-3110|UT-3120|UT-3130|UT-3140|UT-4150|UT-4160|UT-4170|UT-4180|UT-4190|UT-4200|UT-4210,False,dropDownMenu,,,,,,,,,,,,,,
/sites/ConectaDEV,"metromalaga.sharepoint.com,26c2952e-cdd2-486f-aef3-b4feac1dd2b8,96adc88b-6e6f-4778-8583-2fcae8591186",Agradecimientos,Agradecimientos,af8e68ea-ba87-4098-8749-720e267d3160,https://metromalaga.sharepoint.com/sites/ConectaDEV/Lists/Agradecimientos,Aplicación creada por,AppAuthor,AppAuthor,6bfaba20-36bf-44b5-a1b2-eb6346d49716,lookup,False,False,True,False,False,,,,,,,,,,,,AppPrincipals,Title,False,,,,,
/sites/ConectaDEV,"metromalaga.sharepoint.com,26c2952e-cdd2-486f-aef3-b4feac1dd2b8,96adc88b-6e6f-4778-8583-2fcae8591186",Agradecimientos,Agradecimientos,af8e68ea-ba87-4098-8749-720e267d3160,https://metromalaga.sharepoint.com/sites/ConectaDEV/Lists/Agradecimientos,Aplicación modificada por,AppEditor,AppEditor,e08400f3-c779-4ed2-a18c-ab7f34caa318,lookup,False,False,True,False,False,,,,,,,,,,,,AppPrincipals,Title,False,,,,,
/sites/ConectaDEV,"metromalaga.sharepoint.com,26c2952e-cdd2-486f-aef3-b4feac1dd2b8,96adc88b-6e6f-4778-8583-2fcae8591186",Agradecimientos,Agradecimientos,af8e68ea-ba87-4098-8749-720e267d3160,https://metromalaga.sharepoint.com/sites/ConectaDEV/Lists/Agradecimientos,Configuración de la etiqueta,_ComplianceFlags,_ComplianceFlags,ccc1037f-f65e-434a-868e-8c98af31fe29,lookup,False,False,True,False,False,,,,,,,,,,,,,ComplianceFlags,False,,,,,
/sites/ConectaDEV,"metromalaga.sharepoint.com,26c2952e-cdd2-486f-aef3-b4feac1dd2b8,96adc88b-6e6f-4778-8583-2fcae8591186",Agradecimientos,Agradecimientos,af8e68ea-ba87-4098-8749-720e267d3160,https://metromalaga.sharepoint.com/sites/ConectaDEV/Lists/Agradecimientos,Creado,Created,Created,8c06beca-0777-48f7-91c7-6da68bc07b69,dateTime,False,False,True,False,False,,,,,,,,,,default,dateTime,,,,,,,,
/sites/ConectaDEV,"metromalaga.sharepoint.com,26c2952e-cdd2-486f-aef3-b4feac1dd2b8,96adc88b-6e6f-4778-8583-2fcae8591186",Agradecimientos,Agradecimientos,af8e68ea-ba87-4098-8749-720e267d3160,https://metromalaga.sharepoint.com/sites/ConectaDEV/Lists/Agradecimientos,Creado por,Author,Author,1df5e554-ec7e-46a6-901d-d85a3881cb18,personOrGroup,False,False,True,False,False,,,,,,,,,,,,,,,False,peopleAndGroups,nameWithPresence,,
/sites/ConectaDEV,"metromalaga.sharepoint.com,26c2952e-cdd2-486f-aef3-b4feac1dd2b8,96adc88b-6e6f-4778-8583-2fcae8591186",Agradecimientos,Agradecimientos,af8e68ea-ba87-4098-8749-720e267d3160,https://metromalaga.sharepoint.com/sites/ConectaDEV/Lists/Agradecimientos,Editar,Edit,Edit,503f1caa-358e-4918-9094-4a2cdc4bc034,unknown,False,False,True,False,False,,,,,,,,,,,,,,,,,,,
/sites/ConectaDEV,"metromalaga.sharepoint.com,26c2952e-cdd2-486f-aef3-b4feac1dd2b8,96adc88b-6e6f-4778-8583-2fcae8591186",Agradecimientos,Agradecimientos,af8e68ea-ba87-4098-8749-720e267d3160,https://metromalaga.sharepoint.com/sites/ConectaDEV/Lists/Agradecimientos,El elemento es un registro,_IsRecord,_IsRecord,8382d247-72a9-44b1-9794-7b177edc89f3,unknown,False,False,True,False,False,,,,,,,,,,,,,,,,,,,
/sites/ConectaDEV,"metromalaga.sharepoint.com,26c2952e-cdd2-486f-aef3-b4feac1dd2b8,96adc88b-6e6f-4778-8583-2fcae8591186",Agradecimientos,Agradecimientos,af8e68ea-ba87-4098-8749-720e267d3160,https://metromalaga.sharepoint.com/sites/ConectaDEV/Lists/Agradecimientos,Etiqueta de color,_ColorTag,_ColorTag,76d13cd2-1bae-45a5-8b74-545b87b65037,text,False,False,True,False,False,,,,,,255.0,,,,,,,,,,,,,
/sites/ConectaDEV,"metromalaga.sharepoint.com,26c2952e-cdd2-486f-aef3-b4feac1dd2b8,96adc88b-6e6f-4778-8583-2fcae8591186",Agradecimientos,Agradecimientos,af8e68ea-ba87-4098-8749-720e267d3160,https://metromalaga.sharepoint.com/sites/ConectaDEV/Lists/Agradecimientos,Etiqueta de retención,_ComplianceTag,_ComplianceTag,d4b6480a-4bed-4094-9a52-30181ea38f1d,lookup,False,False,True,False,False,,,,,,,,,,,,,ComplianceTag,False,,,,,
/sites/ConectaDEV,"metromalaga.sharepoint.com,26c2952e-cdd2-486f-aef3-b4feac1dd2b8,96adc88b-6e6f-4778-8583-2fcae8591186",Agradecimientos,Agradecimientos,af8e68ea-ba87-4098-8749-720e267d3160,https://metromalaga.sharepoint.com/sites/ConectaDEV/Lists/Agradecimientos,Etiqueta de retención aplicada,_ComplianceTagWrittenTime,_ComplianceTagWrittenTime,92be610e-ddbb-49f4-b3b1-5c2bc768df8f,lookup,False,False,True,False,False,,,,,,,,,,,,,ComplianceTagWrittenTime,False,,,,,
/sites/ConectaDEV,"metromalaga.sharepoint.com,26c2952e-cdd2-486f-aef3-b4feac1dd2b8,96adc88b-6e6f-4778-8583-2fcae8591186",Agradecimientos,Agradecimientos,af8e68ea-ba87-4098-8749-720e267d3160,https://metromalaga.sharepoint.com/sites/ConectaDEV/Lists/Agradecimientos,ID,ID,ID,1d22ea11-1e32-424e-89ab-9fedbadb6ce1,unknown,False,False,True,False,False,,,,,,,,,,,,,,,,,,,
/sites/ConectaDEV,"metromalaga.sharepoint.com,26c2952e-cdd2-486f-aef3-b4feac1dd2b8,96adc88b-6e6f-4778-8583-2fcae8591186",Agradecimientos,Agradecimientos,af8e68ea-ba87-4098-8749-720e267d3160,https://metromalaga.sharepoint.com/sites/ConectaDEV/Lists/Agradecimientos,Id. de activo de cumplimiento normativo,ComplianceAssetId,ComplianceAssetId,3a6b296c-3f50-445c-a13f-9c679ea9dda3,text,False,False,True,False,False,,,,,,255.0,,,,,,,,,,,,,
/sites/ConectaDEV,"metromalaga.sharepoint.com,26c2952e-cdd2-486f-aef3-b4feac1dd2b8,96adc88b-6e6f-4778-8583-2fcae8591186",Agradecimientos,Agradecimientos,af8e68ea-ba87-4098-8749-720e267d3160,https://metromalaga.sharepoint.com/sites/ConectaDEV/Lists/Agradecimientos,Modificado,Modified,Modified,28cf69c5-fa48-462a-b5cd-27b6f9d2bd5f,dateTime,False,False,True,False,False,,,,,,,,,,default,dateTime,,,,,,,,
/sites/ConectaDEV,"metromalaga.sharepoint.com,26c2952e-cdd2-486f-aef3-b4feac1dd2b8,96adc88b-6e6f-4778-8583-2fcae8591186",Agradecimientos,Agradecimientos,af8e68ea-ba87-4098-8749-720e267d3160,https://metromalaga.sharepoint.com/sites/ConectaDEV/Lists/Agradecimientos,Modificado por,Editor,Editor,d31655d1-1d5b-4511-95a1-7a09e9b75bf2,personOrGroup,False,False,True,False,False,,,,,,,,,,,,,,,False,peopleAndGroups,nameWithPresence,,
/sites/ConectaDEV,"metromalaga.sharepoint.com,26c2952e-cdd2-486f-aef3-b4feac1dd2b8,96adc88b-6e6f-4778-8583-2fcae8591186",Agradecimientos,Agradecimientos,af8e68ea-ba87-4098-8749-720e267d3160,https://metromalaga.sharepoint.com/sites/ConectaDEV/Lists/Agradecimientos,Nº solicitud,LinkTitleNoMenu,LinkTitleNoMenu,bc91a437-52e7-49e1-8c4e-4698904b2b6d,unknown,False,False,True,False,False,,,,,,,,,,,,,,,,,,,
/sites/ConectaDEV,"metromalaga.sharepoint.com,26c2952e-cdd2-486f-aef3-b4feac1dd2b8,96adc88b-6e6f-4778-8583-2fcae8591186",Agradecimientos,Agradecimientos,af8e68ea-ba87-4098-8749-720e267d3160,https://metromalaga.sharepoint.com/sites/ConectaDEV/Lists/Agradecimientos,Nº solicitud,LinkTitle,LinkTitle,82642ec8-ef9b-478f-acf9-31f7d45fbc31,unknown,False,False,True,False,False,,,,,,,,,,,,,,,,,,,
/sites/ConectaDEV,"metromalaga.sharepoint.com,26c2952e-cdd2-486f-aef3-b4feac1dd2b8,96adc88b-6e6f-4778-8583-2fcae8591186",Agradecimientos,Agradecimientos,af8e68ea-ba87-4098-8749-720e267d3160,https://metromalaga.sharepoint.com/sites/ConectaDEV/Lists/Agradecimientos,Número secundario de elemento,ItemChildCount,ItemChildCount,b824e17e-a1b3-426e-aecf-f0184d900485,lookup,False,False,True,False,False,,,,,,,,,,,,,ItemChildCount,False,,,,,
/sites/ConectaDEV,"metromalaga.sharepoint.com,26c2952e-cdd2-486f-aef3-b4feac1dd2b8,96adc88b-6e6f-4778-8583-2fcae8591186",Agradecimientos,Agradecimientos,af8e68ea-ba87-4098-8749-720e267d3160,https://metromalaga.sharepoint.com/sites/ConectaDEV/Lists/Agradecimientos,Recuento secundario de carpetas,FolderChildCount,FolderChildCount,960ff01f-2b6d-4f1b-9c3f-e19ad8927341,lookup,False,False,True,False,False,,,,,,,,,,,,,FolderChildCount,False,,,,,
/sites/ConectaDEV,"metromalaga.sharepoint.com,26c2952e-cdd2-486f-aef3-b4feac1dd2b8,96adc88b-6e6f-4778-8583-2fcae8591186",Agradecimientos,Agradecimientos,af8e68ea-ba87-4098-8749-720e267d3160,https://metromalaga.sharepoint.com/sites/ConectaDEV/Lists/Agradecimientos,Tipo,DocIcon,DocIcon,081c6e4c-5c14-4f20-b23e-1a71ceb6a67c,unknown,False,False,True,False,False,,,,,,,,,,,,,,,,,,,
/sites/ConectaDEV,"metromalaga.sharepoint.com,26c2952e-cdd2-486f-aef3-b4feac1dd2b8,96adc88b-6e6f-4778-8583-2fcae8591186",Agradecimientos,Agradecimientos,af8e68ea-ba87-4098-8749-720e267d3160,https://metromalaga.sharepoint.com/sites/ConectaDEV/Lists/Agradecimientos,Usuario que ha aplicado la etiqueta:,_ComplianceTagUserId,_ComplianceTagUserId,418d7676-2d6f-42cf-a16a-e43d2971252a,lookup,False,False,True,False,False,,,,,,,,,,,,,ComplianceTagUserId,False,,,,,
/sites/ConectaDEV,"metromalaga.sharepoint.com,26c2952e-cdd2-486f-aef3-b4feac1dd2b8,96adc88b-6e6f-4778-8583-2fcae8591186",Agradecimientos,Agradecimientos,af8e68ea-ba87-4098-8749-720e267d3160,https://metromalaga.sharepoint.com/sites/ConectaDEV/Lists/Agradecimientos,Versión,_UIVersionString,_UIVersionString,dce8262a-3ae9-45aa-aab4-83bd75fb738a,text,False,False,True,False,False,,,,,,255.0,,,,,,,,,,,,,
/sites/ConectaDEV,"metromalaga.sharepoint.com,26c2952e-cdd2-486f-aef3-b4feac1dd2b8,96adc88b-6e6f-4778-8583-2fcae8591186",ConsultaInformacion,ConsultaInformacion,3c254888-c66b-4231-a6d2-2f48a6d2d683,https://metromalaga.sharepoint.com/sites/ConectaDEV/Lists/ConsultaInformacion,Apellidos,Apellidos,Apellidos,0b1ed7f5-f466-4610-9f41-fd8c92b4c7e7,text,False,False,False,False,False,,,,,,255.0,,,,,,,,,,,,,
/sites/ConectaDEV,"metromalaga.sharepoint.com,26c2952e-cdd2-486f-aef3-b4feac1dd2b8,96adc88b-6e6f-4778-8583-2fcae8591186",ConsultaInformacion,ConsultaInformacion,3c254888-c66b-4231-a6d2-2f48a6d2d683,https://metromalaga.sharepoint.com/sites/ConectaDEV/Lists/ConsultaInformacion,CP,CP,CP,3f6a1bc9-6c46-4ed0-971b-f3918b7389ee,text,False,False,False,False,False,,,,,,255.0,,,,,,,,,,,,,
/sites/ConectaDEV,"metromalaga.sharepoint.com,26c2952e-cdd2-486f-aef3-b4feac1dd2b8,96adc88b-6e6f-4778-8583-2fcae8591186",ConsultaInformacion,ConsultaInformacion,3c254888-c66b-4231-a6d2-2f48a6d2d683,https://metromalaga.sharepoint.com/sites/ConectaDEV/Lists/ConsultaInformacion,Datos adjuntos,Attachments,Attachments,67df98f4-9dec-48ff-a553-29bece9c5bf4,unknown,False,False,False,False,False,,,,,,,,,,,,,,,,,,,
/sites/ConectaDEV,"metromalaga.sharepoint.com,26c2952e-cdd2-486f-aef3-b4feac1dd2b8,96adc88b-6e6f-4778-8583-2fcae8591186",ConsultaInformacion,ConsultaInformacion,3c254888-c66b-4231-a6d2-2f48a6d2d683,https://metromalaga.sharepoint.com/sites/ConectaDEV/Lists/ConsultaInformacion,Descripcion,Descripcion,Descripcion,652a6efb-232d-4251-9e4d-e54825774feb,text,False,False,False,False,False,,,,,,,,,,,,,,,,,,,
/sites/ConectaDEV,"metromalaga.sharepoint.com,26c2952e-cdd2-486f-aef3-b4feac1dd2b8,96adc88b-6e6f-4778-8583-2fcae8591186",ConsultaInformacion,ConsultaInformacion,3c254888-c66b-4231-a6d2-2f48a6d2d683,https://metromalaga.sharepoint.com/sites/ConectaDEV/Lists/ConsultaInformacion,Dirección,Direccion,Direccion,837ef83b-4981-47d4-bd46-1fdbc026c44c,text,False,False,False,False,False,,,,,,255.0,,,,,,,,,,,,,
/sites/ConectaDEV,"metromalaga.sharepoint.com,26c2952e-cdd2-486f-aef3-b4feac1dd2b8,96adc88b-6e6f-4778-8583-2fcae8591186",ConsultaInformacion,ConsultaInformacion,3c254888-c66b-4231-a6d2-2f48a6d2d683,https://metromalaga.sharepoint.com/sites/ConectaDEV/Lists/ConsultaInformacion,E-mail,CorreoElectronico,CorreoElectronico,38eb47b6-182b-4453-aecc-036475299cd1,text,False,False,False,False,False,,,,,,255.0,,,,,,,,,,,,,
/sites/ConectaDEV,"metromalaga.sharepoint.com,26c2952e-cdd2-486f-aef3-b4feac1dd2b8,96adc88b-6e6f-4778-8583-2fcae8591186",ConsultaInformacion,ConsultaInformacion,3c254888-c66b-4231-a6d2-2f48a6d2d683,https://metromalaga.sharepoint.com/sites/ConectaDEV/Lists/ConsultaInformacion,Escalera,Escalera,Escalera,4e467279-c40a-4c8b-b9e0-d9737b5e4621,text,False,False,False,False,False,,,,,,255.0,,,,,,,,,,,,,
/sites/ConectaDEV,"metromalaga.sharepoint.com,26c2952e-cdd2-486f-aef3-b4feac1dd2b8,96adc88b-6e6f-4778-8583-2fcae8591186",ConsultaInformacion,ConsultaInformacion,3c254888-c66b-4231-a6d2-2f48a6d2d683,https://metromalaga.sharepoint.com/sites/ConectaDEV/Lists/ConsultaInformacion,EstadoCliente,EstadoCliente,EstadoCliente,282d82ee-026c-4ea8-9fe9-3d130f55959c,choice,False,False,False,False,False,En trámite,,En trámite|Resuelta aceptada|Resuelta gestionada|Resuelta denegada,False,dropDownMenu,,,,,,,,,,,,,,
/sites/ConectaDEV,"metromalaga.sharepoint.com,26c2952e-cdd2-486f-aef3-b4feac1dd2b8,96adc88b-6e6f-4778-8583-2fcae8591186",ConsultaInformacion,ConsultaInformacion,3c254888-c66b-4231-a6d2-2f48a6d2d683,https://metromalaga.sharepoint.com/sites/ConectaDEV/Lists/ConsultaInformacion,FechaModificacionEstadoCliente,FechaModificacionEstadoCliente,FechaModificacionEstadoCliente,15721df4-7768-402c-8619-b29d2abe438c,dateTime,False,False,False,False,False,[today],,,,,,,,,standard,dateTime,,,,,,,,
/sites/ConectaDEV,"metromalaga.sharepoint.com,26c2952e-cdd2-486f-aef3-b4feac1dd2b8,96adc88b-6e6f-4778-8583-2fcae8591186",ConsultaInformacion,ConsultaInformacion,3c254888-c66b-4231-a6d2-2f48a6d2d683,https://metromalaga.sharepoint.com/sites/ConectaDEV/Lists/ConsultaInformacion,Localidad,Localidad,Localidad,d679dcfd-fec1-4e93-ae12-469df90b229b,text,False,False,False,False,False,,,,,,255.0,,,,,,,,,,,,,
/sites/ConectaDEV,"metromalaga.sharepoint.com,26c2952e-cdd2-486f-aef3-b4feac1dd2b8,96adc88b-6e6f-4778-8583-2fcae8591186",ConsultaInformacion,ConsultaInformacion,3c254888-c66b-4231-a6d2-2f48a6d2d683,https://metromalaga.sharepoint.com/sites/ConectaDEV/Lists/ConsultaInformacion,Nacionalidad,Nacionalidad,Nacionalidad,5420df68-174b-4fa9-ace6-5728fb68cd72,choice,False,False,False,False,False,,,"AFGANISTÁN|ÅLAND|ALBANIA|ALEMANIA|ANDORRA|ANGOLA|ANGUILA|ANTIGUA Y BARBUDA|ANTILLAS NEERLANDESAS|ARABIA SAUDITA|ARGELIA|ARGENTINA|ARMENIA|ARUBA|AUSTRALIA|AUSTRIA|AZERBAIYÁN|BAHAMAS|BARÉIN|BANGLADÉS|BARBADOS|BÉLGICA|BELICE|BENÍN|BERMUDAS|BIELORRUSIA|BIRMANIA|BOLIVIA|BOSNIA Y HERZEGOVINA|BOTSUANA|ISLA BOUVET|BRASIL|BRUNÉI|BULGARIA|BURKINA FASO|BURUNDI|BUTÁN|CABO VERDE|ISLAS CAIMÁN|CAMBOYA|CAMERÚN|CANADÁ|REPÚBLICA CENTROAFRICANA|CHAD|REPÚBLICA CHECA|CHILE|CHINA|COLOMBIA|COMORAS|REPÚBLICA DEL CONGO|REP. DEM. DEL CONGO|COREA DEL SUR|COSTA DE MARFIL|COSTA RICA|CROACIA|CUBA|DINAMARCA|DOMINICA|REPÚBLICA DOMINICANA|ECUADOR|EGIPTO|EL SALVADOR|ERITREA|ESCOCIA|ESLOVAQUIA|ESPAÑA|ESTADOS UNIDOS|ESTONIA|ETIOPÍA|ISLAS FEROE|FILIPINAS|FINLANDIA|FIYI|FRANCIA|GABÓN|GAMBIA|GEORGIA|GHANA|GIBRALTAR|GRANADA|GRECIA|GROENLANDIA|GUADALUPE|GUAM|GUATEMALA|GUAYANA FRANCESA|GUERNSEY|GUINEA|GUINEA ECUATORIAL|GUINEA-BISSAU|GUYANA|HAITÍ|ISLAS HEARD Y MCDONALD|HONDURAS|HONG KONG|HUNGRÍA|INDIA|INDONESIA|INGLATERRA|IRÁN|IRAK|IRLANDA|ISLANDIA|ISRAEL|ITALIA|JAMAICA|JAPÓN|JERSEY|JORDANIA|KAZAJISTÁN|KENIA|KIRGUISTÁN|KIRIBATI|KUWAIT|LAOS|LESOTO|LETONIA|LÍBANO|LIBERIA|LIBIA|LIECHTENSTEIN|LITUANIA|LUXEMBURGO|MACAO|REPÚBLICA DE MACEDONIA|MADAGASCAR|MALASIA|MALAUI|MALDIVAS|MALÍ|MALTA|ISLAS MALVINAS|ISLA DE MAN|ISLAS MARIANAS DEL NORTE|MARRUECOS|ISLAS MARSHALL|MARTINICA|MAURICIO|MAURITANIA|MAYOTTE|MÉXICO|MICRONESIA|MOLDAVIA|MÓNACO|MONGOLIA|MONTENEGRO|MONTSERRAT|MOZAMBIQUE|NAMIBIA|NAURU|ISLA DE NAVIDAD|NEPAL|NICARAGUA|NÍGER|NIGERIA|NIUE|NORFOLK|NORUEGA|NUEVA CALEDONIA|NUEVA ZELANDA|OMÁN|PAÍSES BAJOS|PAKISTÁN|PALAOS|AUTORIDAD NACIONAL PALESTINA|PANAMÁ|PAPÚA NUEVA GUINEA|PARAGUAY|PERÚ|ISLAS PITCAIRN|POLINESIA FRANCESA|POLONIA|PORTUGAL|PUERTO RICO|CATAR|REINO UNIDO|REUNIÓN|RUANDA|RUMANÍA|RUSIA|REPÚBLICA ÁRABE SAHARAUI DEMOCRÁTICA|ISLAS SALOMÓN|SAMOA|SAMOA ESTADOUNIDENSE|SAN BARTOLOMÉ|SAN CRISTÓBAL Y NIEVES|SAN MARINO|SAN MARTÍN|SAN PEDRO Y MIQUELÓN|SAN VICENTE Y LAS GRANADINAS|SANTA HELENA, A. Y T.|SANTA LUCÍA|SANTO TOMÉ Y PRÍNCIPE|SENEGAL|SERBIA|SEYCHELLES|SIERRA LEONA|SINGAPUR|SIRIA|SOMALIA|SRI LANKA|SUAZILANDIA|SUDÁFRICA|SUDÁN|SUECIA|SUIZA|SURINAM|SVALBARD Y JAN MAYEN|TAILANDIA|TAIWÁN|TANZANIA|TAYIKISTÁN|TERRITORIO BRITÁNICO DEL OCÉANO ÍNDICO|TERRITORIOS AUSTRALES FRANCESES|TIMOR ORIENTAL|TOGO|TOKELAU|TONGA|TRINIDAD Y TOBAGO|TÚNEZ|ISLAS TURCAS Y CAICOS|TURKMENISTÁN|TURQUÍA|TUVALU|UCRANIA|UGANDA|URUGUAY|UZBEKISTÁN|VANUATU|CIUDAD DEL VATICANO|VENEZUELA|VIETNAM|ISLAS VÍRGENES BRITÁNICAS|ISLAS VÍRGENES DE LOS ESTADOS UNIDOS|WALLIS Y FUTUNA|YEMEN|YIBUTI|ZAMBIA|ZIMBABUE",False,dropDownMenu,,,,,,,,,,,,,,
/sites/ConectaDEV,"metromalaga.sharepoint.com,26c2952e-cdd2-486f-aef3-b4feac1dd2b8,96adc88b-6e6f-4778-8583-2fcae8591186",ConsultaInformacion,ConsultaInformacion,3c254888-c66b-4231-a6d2-2f48a6d2d683,https://metromalaga.sharepoint.com/sites/ConectaDEV/Lists/ConsultaInformacion,Nombre,Nombre,Nombre,283cf144-fc28-4286-80dc-908692c96fc7,text,False,False,False,False,False,,,,,,255.0,,,,,,,,,,,,,
/sites/ConectaDEV,"metromalaga.sharepoint.com,26c2952e-cdd2-486f-aef3-b4feac1dd2b8,96adc88b-6e6f-4778-8583-2fcae8591186",ConsultaInformacion,ConsultaInformacion,3c254888-c66b-4231-a6d2-2f48a6d2d683,https://metromalaga.sharepoint.com/sites/ConectaDEV/Lists/ConsultaInformacion,NumTituloViaje,NumTituloViaje,NumTituloViaje,2b1cadab-78c9-420e-9914-98eb525b4074,text,False,False,False,False,False,,,,,,255.0,,,,,,,,,,,,,
/sites/ConectaDEV,"metromalaga.sharepoint.com,26c2952e-cdd2-486f-aef3-b4feac1dd2b8,96adc88b-6e6f-4778-8583-2fcae8591186",ConsultaInformacion,ConsultaInformacion,3c254888-c66b-4231-a6d2-2f48a6d2d683,https://metromalaga.sharepoint.com/sites/ConectaDEV/Lists/ConsultaInformacion,Nº de documento,NumeroDeDocumento,NumeroDeDocumento,562e3e98-9c43-4d90-9b8b-69c6ad42d56f,text,False,False,False,False,False,,,,,,255.0,,,,,,,,,,,,,
/sites/ConectaDEV,"metromalaga.sharepoint.com,26c2952e-cdd2-486f-aef3-b4feac1dd2b8,96adc88b-6e6f-4778-8583-2fcae8591186",ConsultaInformacion,ConsultaInformacion,3c254888-c66b-4231-a6d2-2f48a6d2d683,https://metromalaga.sharepoint.com/sites/ConectaDEV/Lists/ConsultaInformacion,Nº solicitud,Title,Title,fa564e0f-0c70-4ab9-b863-0177e6ddd247,text,True,False,False,False,False,,,,,,255.0,,,,,,,,,,,,,
/sites/ConectaDEV,"metromalaga.sharepoint.com,26c2952e-cdd2-486f-aef3-b4feac1dd2b8,96adc88b-6e6f-4778-8583-2fcae8591186",ConsultaInformacion,ConsultaInformacion,3c254888-c66b-4231-a6d2-2f48a6d2d683,https://metromalaga.sharepoint.com/sites/ConectaDEV/Lists/ConsultaInformacion,Número,Numero,Numero,91b0007e-8c45-45be-a92c-3c5965078446,text,False,False,False,False,False,,,,,,255.0,,,,,,,,,,,,,
/sites/ConectaDEV,"metromalaga.sharepoint.com,26c2952e-cdd2-486f-aef3-b4feac1dd2b8,96adc88b-6e6f-4778-8583-2fcae8591186",ConsultaInformacion,ConsultaInformacion,3c254888-c66b-4231-a6d2-2f48a6d2d683,https://metromalaga.sharepoint.com/sites/ConectaDEV/Lists/ConsultaInformacion,Piso,Piso,Piso,6ac840cd-2157-430e-b42d-d1b36c063e10,text,False,False,False,False,False,,,,,,255.0,,,,,,,,,,,,,
/sites/ConectaDEV,"metromalaga.sharepoint.com,26c2952e-cdd2-486f-aef3-b4feac1dd2b8,96adc88b-6e6f-4778-8583-2fcae8591186",ConsultaInformacion,ConsultaInformacion,3c254888-c66b-4231-a6d2-2f48a6d2d683,https://metromalaga.sharepoint.com/sites/ConectaDEV/Lists/ConsultaInformacion,Provincia,Provincia,Provincia,5585d907-2320-4970-b940-ec517fc4c080,text,False,False,False,False,False,,,,,,255.0,,,,,,,,,,,,,
/sites/ConectaDEV,"metromalaga.sharepoint.com,26c2952e-cdd2-486f-aef3-b4feac1dd2b8,96adc88b-6e6f-4778-8583-2fcae8591186",ConsultaInformacion,ConsultaInformacion,3c254888-c66b-4231-a6d2-2f48a6d2d683,https://metromalaga.sharepoint.com/sites/ConectaDEV/Lists/ConsultaInformacion,Puerta,Puerta,Puerta,26ac12f9-f19d-4a3c-8331-68ed372a23ee,text,False,False,False,False,False,,,,,,255.0,,,,,,,,,,,,,
/sites/ConectaDEV,"metromalaga.sharepoint.com,26c2952e-cdd2-486f-aef3-b4feac1dd2b8,96adc88b-6e6f-4778-8583-2fcae8591186",ConsultaInformacion,ConsultaInformacion,3c254888-c66b-4231-a6d2-2f48a6d2d683,https://metromalaga.sharepoint.com/sites/ConectaDEV/Lists/ConsultaInformacion,Teléfono,Telefono,Telefono,b68962d0-faad-4452-b613-2ebbe2de6190,text,False,False,False,False,False,,,,,,255.0,,,,,,,,,,,,,
/sites/ConectaDEV,"metromalaga.sharepoint.com,26c2952e-cdd2-486f-aef3-b4feac1dd2b8,96adc88b-6e6f-4778-8583-2fcae8591186",ConsultaInformacion,ConsultaInformacion,3c254888-c66b-4231-a6d2-2f48a6d2d683,https://metromalaga.sharepoint.com/sites/ConectaDEV/Lists/ConsultaInformacion,Tipo de contenido,ContentType,ContentType,c042a256-787d-4a6f-8a8a-cf6ab767f12d,unknown,False,False,False,False,False,,,,,,,,,,,,,,,,,,,
/sites/ConectaDEV,"metromalaga.sharepoint.com,26c2952e-cdd2-486f-aef3-b4feac1dd2b8,96adc88b-6e6f-4778-8583-2fcae8591186",ConsultaInformacion,ConsultaInformacion,3c254888-c66b-4231-a6d2-2f48a6d2d683,https://metromalaga.sharepoint.com/sites/ConectaDEV/Lists/ConsultaInformacion,Tipo de documento,TipoDeDocumento,TipoDeDocumento,07858aa0-efdb-4c20-9651-9be11a4f7b97,choice,False,False,False,False,False,,,NIF|PAS|NIE,False,dropDownMenu,,,,,,,,,,,,,,
/sites/ConectaDEV,"metromalaga.sharepoint.com,26c2952e-cdd2-486f-aef3-b4feac1dd2b8,96adc88b-6e6f-4778-8583-2fcae8591186",ConsultaInformacion,ConsultaInformacion,3c254888-c66b-4231-a6d2-2f48a6d2d683,https://metromalaga.sharepoint.com/sites/ConectaDEV/Lists/ConsultaInformacion,Tipo de título,TipoDeTitulo,TipoDeTitulo,9b3aff6f-6116-4361-b407-37c26ae572d6,choice,False,False,False,False,False,,,Monedero Metro Málaga|Ocasional Metro de Málaga|Tarjeta MásMetro|Tarjeta Monedero Consorcio de Transportes de Andalucía|Tarjeta Consorcio de Transportes de Andalucía Joven|Tarjeta Consorcio de Transportes de Andalucía Familia Numerosa|Validación con sistema EMV (Tarjeta de Crédito/Débito física no registrada)|Validación con sistema EMV móvil (Tarjeta de Crédito/Débito con NFC móvil no registrada)|Validación con ABT (Tarjeta de Crédito/Débito registrada en MetroPay),False,dropDownMenu,,,,,,,,,,,,,,
/sites/ConectaDEV,"metromalaga.sharepoint.com,26c2952e-cdd2-486f-aef3-b4feac1dd2b8,96adc88b-6e6f-4778-8583-2fcae8591186",ConsultaInformacion,ConsultaInformacion,3c254888-c66b-4231-a6d2-2f48a6d2d683,https://metromalaga.sharepoint.com/sites/ConectaDEV/Lists/ConsultaInformacion,Aplicación creada por,AppAuthor,AppAuthor,6bfaba20-36bf-44b5-a1b2-eb6346d49716,lookup,False,False,True,False,False,,,,,,,,,,,,AppPrincipals,Title,False,,,,,
/sites/ConectaDEV,"metromalaga.sharepoint.com,26c2952e-cdd2-486f-aef3-b4feac1dd2b8,96adc88b-6e6f-4778-8583-2fcae8591186",ConsultaInformacion,ConsultaInformacion,3c254888-c66b-4231-a6d2-2f48a6d2d683,https://metromalaga.sharepoint.com/sites/ConectaDEV/Lists/ConsultaInformacion,Aplicación modificada por,AppEditor,AppEditor,e08400f3-c779-4ed2-a18c-ab7f34caa318,lookup,False,False,True,False,False,,,,,,,,,,,,AppPrincipals,Title,False,,,,,
/sites/ConectaDEV,"metromalaga.sharepoint.com,26c2952e-cdd2-486f-aef3-b4feac1dd2b8,96adc88b-6e6f-4778-8583-2fcae8591186",ConsultaInformacion,ConsultaInformacion,3c254888-c66b-4231-a6d2-2f48a6d2d683,https://metromalaga.sharepoint.com/sites/ConectaDEV/Lists/ConsultaInformacion,Configuración de la etiqueta,_ComplianceFlags,_ComplianceFlags,ccc1037f-f65e-434a-868e-8c98af31fe29,lookup,False,False,True,False,False,,,,,,,,,,,,,ComplianceFlags,False,,,,,
/sites/ConectaDEV,"metromalaga.sharepoint.com,26c2952e-cdd2-486f-aef3-b4feac1dd2b8,96adc88b-6e6f-4778-8583-2fcae8591186",ConsultaInformacion,ConsultaInformacion,3c254888-c66b-4231-a6d2-2f48a6d2d683,https://metromalaga.sharepoint.com/sites/ConectaDEV/Lists/ConsultaInformacion,Creado,Created,Created,8c06beca-0777-48f7-91c7-6da68bc07b69,dateTime,False,False,True,False,False,,,,,,,,,,default,dateTime,,,,,,,,
/sites/ConectaDEV,"metromalaga.sharepoint.com,26c2952e-cdd2-486f-aef3-b4feac1dd2b8,96adc88b-6e6f-4778-8583-2fcae8591186",ConsultaInformacion,ConsultaInformacion,3c254888-c66b-4231-a6d2-2f48a6d2d683,https://metromalaga.sharepoint.com/sites/ConectaDEV/Lists/ConsultaInformacion,Creado por,Author,Author,1df5e554-ec7e-46a6-901d-d85a3881cb18,personOrGroup,False,False,True,False,False,,,,,,,,,,,,,,,False,peopleAndGroups,nameWithPresence,,
/sites/ConectaDEV,"metromalaga.sharepoint.com,26c2952e-cdd2-486f-aef3-b4feac1dd2b8,96adc88b-6e6f-4778-8583-2fcae8591186",ConsultaInformacion,ConsultaInformacion,3c254888-c66b-4231-a6d2-2f48a6d2d683,https://metromalaga.sharepoint.com/sites/ConectaDEV/Lists/ConsultaInformacion,Editar,Edit,Edit,503f1caa-358e-4918-9094-4a2cdc4bc034,unknown,False,False,True,False,False,,,,,,,,,,,,,,,,,,,
/sites/ConectaDEV,"metromalaga.sharepoint.com,26c2952e-cdd2-486f-aef3-b4feac1dd2b8,96adc88b-6e6f-4778-8583-2fcae8591186",ConsultaInformacion,ConsultaInformacion,3c254888-c66b-4231-a6d2-2f48a6d2d683,https://metromalaga.sharepoint.com/sites/ConectaDEV/Lists/ConsultaInformacion,El elemento es un registro,_IsRecord,_IsRecord,8382d247-72a9-44b1-9794-7b177edc89f3,unknown,False,False,True,False,False,,,,,,,,,,,,,,,,,,,
/sites/ConectaDEV,"metromalaga.sharepoint.com,26c2952e-cdd2-486f-aef3-b4feac1dd2b8,96adc88b-6e6f-4778-8583-2fcae8591186",ConsultaInformacion,ConsultaInformacion,3c254888-c66b-4231-a6d2-2f48a6d2d683,https://metromalaga.sharepoint.com/sites/ConectaDEV/Lists/ConsultaInformacion,Etiqueta de color,_ColorTag,_ColorTag,76d13cd2-1bae-45a5-8b74-545b87b65037,text,False,False,True,False,False,,,,,,255.0,,,,,,,,,,,,,
/sites/ConectaDEV,"metromalaga.sharepoint.com,26c2952e-cdd2-486f-aef3-b4feac1dd2b8,96adc88b-6e6f-4778-8583-2fcae8591186",ConsultaInformacion,ConsultaInformacion,3c254888-c66b-4231-a6d2-2f48a6d2d683,https://metromalaga.sharepoint.com/sites/ConectaDEV/Lists/ConsultaInformacion,Etiqueta de retención,_ComplianceTag,_ComplianceTag,d4b6480a-4bed-4094-9a52-30181ea38f1d,lookup,False,False,True,False,False,,,,,,,,,,,,,ComplianceTag,False,,,,,
/sites/ConectaDEV,"metromalaga.sharepoint.com,26c2952e-cdd2-486f-aef3-b4feac1dd2b8,96adc88b-6e6f-4778-8583-2fcae8591186",ConsultaInformacion,ConsultaInformacion,3c254888-c66b-4231-a6d2-2f48a6d2d683,https://metromalaga.sharepoint.com/sites/ConectaDEV/Lists/ConsultaInformacion,Etiqueta de retención aplicada,_ComplianceTagWrittenTime,_ComplianceTagWrittenTime,92be610e-ddbb-49f4-b3b1-5c2bc768df8f,lookup,False,False,True,False,False,,,,,,,,,,,,,ComplianceTagWrittenTime,False,,,,,
/sites/ConectaDEV,"metromalaga.sharepoint.com,26c2952e-cdd2-486f-aef3-b4feac1dd2b8,96adc88b-6e6f-4778-8583-2fcae8591186",ConsultaInformacion,ConsultaInformacion,3c254888-c66b-4231-a6d2-2f48a6d2d683,https://metromalaga.sharepoint.com/sites/ConectaDEV/Lists/ConsultaInformacion,ID,ID,ID,1d22ea11-1e32-424e-89ab-9fedbadb6ce1,unknown,False,False,True,False,False,,,,,,,,,,,,,,,,,,,
/sites/ConectaDEV,"metromalaga.sharepoint.com,26c2952e-cdd2-486f-aef3-b4feac1dd2b8,96adc88b-6e6f-4778-8583-2fcae8591186",ConsultaInformacion,ConsultaInformacion,3c254888-c66b-4231-a6d2-2f48a6d2d683,https://metromalaga.sharepoint.com/sites/ConectaDEV/Lists/ConsultaInformacion,Id. de activo de cumplimiento normativo,ComplianceAssetId,ComplianceAssetId,3a6b296c-3f50-445c-a13f-9c679ea9dda3,text,False,False,True,False,False,,,,,,255.0,,,,,,,,,,,,,
/sites/ConectaDEV,"metromalaga.sharepoint.com,26c2952e-cdd2-486f-aef3-b4feac1dd2b8,96adc88b-6e6f-4778-8583-2fcae8591186",ConsultaInformacion,ConsultaInformacion,3c254888-c66b-4231-a6d2-2f48a6d2d683,https://metromalaga.sharepoint.com/sites/ConectaDEV/Lists/ConsultaInformacion,Modificado,Modified,Modified,28cf69c5-fa48-462a-b5cd-27b6f9d2bd5f,dateTime,False,False,True,False,False,,,,,,,,,,default,dateTime,,,,,,,,
/sites/ConectaDEV,"metromalaga.sharepoint.com,26c2952e-cdd2-486f-aef3-b4feac1dd2b8,96adc88b-6e6f-4778-8583-2fcae8591186",ConsultaInformacion,ConsultaInformacion,3c254888-c66b-4231-a6d2-2f48a6d2d683,https://metromalaga.sharepoint.com/sites/ConectaDEV/Lists/ConsultaInformacion,Modificado por,Editor,Editor,d31655d1-1d5b-4511-95a1-7a09e9b75bf2,personOrGroup,False,False,True,False,False,,,,,,,,,,,,,,,False,peopleAndGroups,nameWithPresence,,
/sites/ConectaDEV,"metromalaga.sharepoint.com,26c2952e-cdd2-486f-aef3-b4feac1dd2b8,96adc88b-6e6f-4778-8583-2fcae8591186",ConsultaInformacion,ConsultaInformacion,3c254888-c66b-4231-a6d2-2f48a6d2d683,https://metromalaga.sharepoint.com/sites/ConectaDEV/Lists/ConsultaInformacion,Nº solicitud,LinkTitleNoMenu,LinkTitleNoMenu,bc91a437-52e7-49e1-8c4e-4698904b2b6d,unknown,False,False,True,False,False,,,,,,,,,,,,,,,,,,,
/sites/ConectaDEV,"metromalaga.sharepoint.com,26c2952e-cdd2-486f-aef3-b4feac1dd2b8,96adc88b-6e6f-4778-8583-2fcae8591186",ConsultaInformacion,ConsultaInformacion,3c254888-c66b-4231-a6d2-2f48a6d2d683,https://metromalaga.sharepoint.com/sites/ConectaDEV/Lists/ConsultaInformacion,Nº solicitud,LinkTitle,LinkTitle,82642ec8-ef9b-478f-acf9-31f7d45fbc31,unknown,False,False,True,False,False,,,,,,,,,,,,,,,,,,,
/sites/ConectaDEV,"metromalaga.sharepoint.com,26c2952e-cdd2-486f-aef3-b4feac1dd2b8,96adc88b-6e6f-4778-8583-2fcae8591186",ConsultaInformacion,ConsultaInformacion,3c254888-c66b-4231-a6d2-2f48a6d2d683,https://metromalaga.sharepoint.com/sites/ConectaDEV/Lists/ConsultaInformacion,Número secundario de elemento,ItemChildCount,ItemChildCount,b824e17e-a1b3-426e-aecf-f0184d900485,lookup,False,False,True,False,False,,,,,,,,,,,,,ItemChildCount,False,,,,,
/sites/ConectaDEV,"metromalaga.sharepoint.com,26c2952e-cdd2-486f-aef3-b4feac1dd2b8,96adc88b-6e6f-4778-8583-2fcae8591186",ConsultaInformacion,ConsultaInformacion,3c254888-c66b-4231-a6d2-2f48a6d2d683,https://metromalaga.sharepoint.com/sites/ConectaDEV/Lists/ConsultaInformacion,Recuento secundario de carpetas,FolderChildCount,FolderChildCount,960ff01f-2b6d-4f1b-9c3f-e19ad8927341,lookup,False,False,True,False,False,,,,,,,,,,,,,FolderChildCount,False,,,,,
/sites/ConectaDEV,"metromalaga.sharepoint.com,26c2952e-cdd2-486f-aef3-b4feac1dd2b8,96adc88b-6e6f-4778-8583-2fcae8591186",ConsultaInformacion,ConsultaInformacion,3c254888-c66b-4231-a6d2-2f48a6d2d683,https://metromalaga.sharepoint.com/sites/ConectaDEV/Lists/ConsultaInformacion,Tipo,DocIcon,DocIcon,081c6e4c-5c14-4f20-b23e-1a71ceb6a67c,unknown,False,False,True,False,False,,,,,,,,,,,,,,,,,,,
/sites/ConectaDEV,"metromalaga.sharepoint.com,26c2952e-cdd2-486f-aef3-b4feac1dd2b8,96adc88b-6e6f-4778-8583-2fcae8591186",ConsultaInformacion,ConsultaInformacion,3c254888-c66b-4231-a6d2-2f48a6d2d683,https://metromalaga.sharepoint.com/sites/ConectaDEV/Lists/ConsultaInformacion,Usuario que ha aplicado la etiqueta:,_ComplianceTagUserId,_ComplianceTagUserId,418d7676-2d6f-42cf-a16a-e43d2971252a,lookup,False,False,True,False,False,,,,,,,,,,,,,ComplianceTagUserId,False,,,,,
/sites/ConectaDEV,"metromalaga.sharepoint.com,26c2952e-cdd2-486f-aef3-b4feac1dd2b8,96adc88b-6e6f-4778-8583-2fcae8591186",ConsultaInformacion,ConsultaInformacion,3c254888-c66b-4231-a6d2-2f48a6d2d683,https://metromalaga.sharepoint.com/sites/ConectaDEV/Lists/ConsultaInformacion,Versión,_UIVersionString,_UIVersionString,dce8262a-3ae9-45aa-aab4-83bd75fb738a,text,False,False,True,False,False,,,,,,255.0,,,,,,,,,,,,,
/sites/ConectaDEV,"metromalaga.sharepoint.com,26c2952e-cdd2-486f-aef3-b4feac1dd2b8,96adc88b-6e6f-4778-8583-2fcae8591186",Objetos Perdidos,Objetos Perdidos NUEVA,2d9e7e33-9ff8-4c9d-a4c0-1797ddb5df63,https://metromalaga.sharepoint.com/sites/ConectaDEV/Lists/Objetos%20Perdidos%20NUEVA,Apellidos,Apellidos,Apellidos,43eb0948-4800-4a14-9dfb-906375927384,text,False,False,False,False,False,,,,,,255.0,,,,,,,,,,,,,
/sites/ConectaDEV,"metromalaga.sharepoint.com,26c2952e-cdd2-486f-aef3-b4feac1dd2b8,96adc88b-6e6f-4778-8583-2fcae8591186",Objetos Perdidos,Objetos Perdidos NUEVA,2d9e7e33-9ff8-4c9d-a4c0-1797ddb5df63,https://metromalaga.sharepoint.com/sites/ConectaDEV/Lists/Objetos%20Perdidos%20NUEVA,CP,CP,CP,a96071ec-d3c7-4836-97fc-290fbb8e7fdf,text,False,False,False,False,False,,,,,,255.0,,,,,,,,,,,,,
/sites/ConectaDEV,"metromalaga.sharepoint.com,26c2952e-cdd2-486f-aef3-b4feac1dd2b8,96adc88b-6e6f-4778-8583-2fcae8591186",Objetos Perdidos,Objetos Perdidos NUEVA,2d9e7e33-9ff8-4c9d-a4c0-1797ddb5df63,https://metromalaga.sharepoint.com/sites/ConectaDEV/Lists/Objetos%20Perdidos%20NUEVA,Datos adjuntos,Attachments,Attachments,67df98f4-9dec-48ff-a553-29bece9c5bf4,unknown,False,False,False,False,False,,,,,,,,,,,,,,,,,,,
/sites/ConectaDEV,"metromalaga.sharepoint.com,26c2952e-cdd2-486f-aef3-b4feac1dd2b8,96adc88b-6e6f-4778-8583-2fcae8591186",Objetos Perdidos,Objetos Perdidos NUEVA,2d9e7e33-9ff8-4c9d-a4c0-1797ddb5df63,https://metromalaga.sharepoint.com/sites/ConectaDEV/Lists/Objetos%20Perdidos%20NUEVA,Descripcion,Descripcion,Descripcion,76d8f9fa-0791-4c68-bf23-e4856606faa1,text,False,False,False,False,False,,,,,,,,,,,,,,,,,,,
/sites/ConectaDEV,"metromalaga.sharepoint.com,26c2952e-cdd2-486f-aef3-b4feac1dd2b8,96adc88b-6e6f-4778-8583-2fcae8591186",Objetos Perdidos,Objetos Perdidos NUEVA,2d9e7e33-9ff8-4c9d-a4c0-1797ddb5df63,https://metromalaga.sharepoint.com/sites/ConectaDEV/Lists/Objetos%20Perdidos%20NUEVA,Direccion,Direccion,Direccion,c938e680-0920-40f2-8e0a-ae2fbe146bca,text,False,False,False,False,False,,,,,,255.0,,,,,,,,,,,,,
/sites/ConectaDEV,"metromalaga.sharepoint.com,26c2952e-cdd2-486f-aef3-b4feac1dd2b8,96adc88b-6e6f-4778-8583-2fcae8591186",Objetos Perdidos,Objetos Perdidos NUEVA,2d9e7e33-9ff8-4c9d-a4c0-1797ddb5df63,https://metromalaga.sharepoint.com/sites/ConectaDEV/Lists/Objetos%20Perdidos%20NUEVA,E-mail,CorreoElectronico,CorreoElectronico,94eed34f-9bec-4b25-b6ee-01b92723a7bc,text,False,False,False,False,False,,,,,,255.0,,,,,,,,,,,,,
/sites/ConectaDEV,"metromalaga.sharepoint.com,26c2952e-cdd2-486f-aef3-b4feac1dd2b8,96adc88b-6e6f-4778-8583-2fcae8591186",Objetos Perdidos,Objetos Perdidos NUEVA,2d9e7e33-9ff8-4c9d-a4c0-1797ddb5df63,https://metromalaga.sharepoint.com/sites/ConectaDEV/Lists/Objetos%20Perdidos%20NUEVA,Escalera,Escalera,Escalera,f38d153e-395b-40d5-b93b-bc946f83dcd0,text,False,False,False,False,False,,,,,,255.0,,,,,,,,,,,,,
/sites/ConectaDEV,"metromalaga.sharepoint.com,26c2952e-cdd2-486f-aef3-b4feac1dd2b8,96adc88b-6e6f-4778-8583-2fcae8591186",Objetos Perdidos,Objetos Perdidos NUEVA,2d9e7e33-9ff8-4c9d-a4c0-1797ddb5df63,https://metromalaga.sharepoint.com/sites/ConectaDEV/Lists/Objetos%20Perdidos%20NUEVA,Estado,Estado,Estado,be88291b-2a98-425d-8f62-ea8c740c287a,choice,False,False,False,False,False,,,Registrado|Almacenado en OAC|Entregado a propietario|Entregado a la Oficina Municipal de objetos Perdidos|Retirado,False,dropDownMenu,,,,,,,,,,,,,,
/sites/ConectaDEV,"metromalaga.sharepoint.com,26c2952e-cdd2-486f-aef3-b4feac1dd2b8,96adc88b-6e6f-4778-8583-2fcae8591186",Objetos Perdidos,Objetos Perdidos NUEVA,2d9e7e33-9ff8-4c9d-a4c0-1797ddb5df63,https://metromalaga.sharepoint.com/sites/ConectaDEV/Lists/Objetos%20Perdidos%20NUEVA,Fecha de Perdida,FechaPerdida,FechaPerdida,68a6433b-5082-4634-a183-7c0d354bea29,dateTime,False,False,False,False,False,,,,,,,,,,default,dateTime,,,,,,,,
/sites/ConectaDEV,"metromalaga.sharepoint.com,26c2952e-cdd2-486f-aef3-b4feac1dd2b8,96adc88b-6e6f-4778-8583-2fcae8591186",Objetos Perdidos,Objetos Perdidos NUEVA,2d9e7e33-9ff8-4c9d-a4c0-1797ddb5df63,https://metromalaga.sharepoint.com/sites/ConectaDEV/Lists/Objetos%20Perdidos%20NUEVA,Fecha y Hora de Entrega,FechaHoraEntrega,FechaHoraEntrega,ab351938-a15d-49e9-957e-3b4ff730aa59,dateTime,False,False,False,False,False,,,,,,,,,,default,dateTime,,,,,,,,
/sites/ConectaDEV,"metromalaga.sharepoint.com,26c2952e-cdd2-486f-aef3-b4feac1dd2b8,96adc88b-6e6f-4778-8583-2fcae8591186",Objetos Perdidos,Objetos Perdidos NUEVA,2d9e7e33-9ff8-4c9d-a4c0-1797ddb5df63,https://metromalaga.sharepoint.com/sites/ConectaDEV/Lists/Objetos%20Perdidos%20NUEVA,Fecha y Hora de Registro,FechaHoraRegistro,FechaHoraRegistro,7e5edf31-a163-4c74-b1b5-92f7a70c5cc6,dateTime,False,False,False,False,False,,,,,,,,,,default,dateTime,,,,,,,,
/sites/ConectaDEV,"metromalaga.sharepoint.com,26c2952e-cdd2-486f-aef3-b4feac1dd2b8,96adc88b-6e6f-4778-8583-2fcae8591186",Objetos Perdidos,Objetos Perdidos NUEVA,2d9e7e33-9ff8-4c9d-a4c0-1797ddb5df63,https://metromalaga.sharepoint.com/sites/ConectaDEV/Lists/Objetos%20Perdidos%20NUEVA,Localidad,Localidad,Localidad,dd7553f7-5018-4a97-8a06-eb40bf43e725,text,False,False,False,False,False,,,,,,255.0,,,,,,,,,,,,,
/sites/ConectaDEV,"metromalaga.sharepoint.com,26c2952e-cdd2-486f-aef3-b4feac1dd2b8,96adc88b-6e6f-4778-8583-2fcae8591186",Objetos Perdidos,Objetos Perdidos NUEVA,2d9e7e33-9ff8-4c9d-a4c0-1797ddb5df63,https://metromalaga.sharepoint.com/sites/ConectaDEV/Lists/Objetos%20Perdidos%20NUEVA,Localizacion,Localizacion,Localizacion,292a2182-e1c3-4e51-8c0b-2386c2f0436e,choice,False,False,False,False,False,,,Talleres|Cocheras|Unidad-Tren|Andalucia Tech|Atarazanas|Guadalmedina|Paraninfo|El Consul|Clinico|Universidad|Ciudad de la Justicia|Portada Alta|Carranque|Barbarela|La Union|El Perchel|La Isla|Huelin-Princesa|El Torcal|La Luz - La Paz|Puerta Blanca|Palacio de los Deportes,False,dropDownMenu,,,,,,,,,,,,,,
/sites/ConectaDEV,"metromalaga.sharepoint.com,26c2952e-cdd2-486f-aef3-b4feac1dd2b8,96adc88b-6e6f-4778-8583-2fcae8591186",Objetos Perdidos,Objetos Perdidos NUEVA,2d9e7e33-9ff8-4c9d-a4c0-1797ddb5df63,https://metromalaga.sharepoint.com/sites/ConectaDEV/Lists/Objetos%20Perdidos%20NUEVA,Lugar de Entrega,LugarEntrega,LugarEntrega,d22afc59-69bc-4bad-abc8-78762becdccb,choice,False,False,False,False,False,,,Talleres|Cocheras|Unidad-Tren|Andalucia Tech|Atarazanas|Guadalmedina|Paraninfo|El Consul|Clinico|Universidad|Ciudad de la Justicia|Portada Alta|Carranque|Barbarela|La Union|El Perchel|La Isla|Huelin-Princesa|El Torcal|La Luz - La Paz|Puerta Blanca|Palacio de los Deportes,False,dropDownMenu,,,,,,,,,,,,,,
/sites/ConectaDEV,"metromalaga.sharepoint.com,26c2952e-cdd2-486f-aef3-b4feac1dd2b8,96adc88b-6e6f-4778-8583-2fcae8591186",Objetos Perdidos,Objetos Perdidos NUEVA,2d9e7e33-9ff8-4c9d-a4c0-1797ddb5df63,https://metromalaga.sharepoint.com/sites/ConectaDEV/Lists/Objetos%20Perdidos%20NUEVA,N Circulacion,NCirculacion,NCirculacion,494e7a4d-12d0-4423-8061-2a521eee85ba,text,False,False,False,False,False,,,,,,255.0,,,,,,,,,,,,,
/sites/ConectaDEV,"metromalaga.sharepoint.com,26c2952e-cdd2-486f-aef3-b4feac1dd2b8,96adc88b-6e6f-4778-8583-2fcae8591186",Objetos Perdidos,Objetos Perdidos NUEVA,2d9e7e33-9ff8-4c9d-a4c0-1797ddb5df63,https://metromalaga.sharepoint.com/sites/ConectaDEV/Lists/Objetos%20Perdidos%20NUEVA,N Unidad Tren,NUnidadTren,NUnidadTren,1dd1ba4e-541b-45ac-8e0f-ff8541cb8fa3,text,False,False,False,False,False,,,,,,255.0,,,,,,,,,,,,,
/sites/ConectaDEV,"metromalaga.sharepoint.com,26c2952e-cdd2-486f-aef3-b4feac1dd2b8,96adc88b-6e6f-4778-8583-2fcae8591186",Objetos Perdidos,Objetos Perdidos NUEVA,2d9e7e33-9ff8-4c9d-a4c0-1797ddb5df63,https://metromalaga.sharepoint.com/sites/ConectaDEV/Lists/Objetos%20Perdidos%20NUEVA,Nacionalidad,Nacionalidad,Nacionalidad,2e2e30f4-4686-453c-8a70-3408967aa82a,choice,False,False,False,False,False,AFGANISTÁN,,"AFGANISTÁN|ÅLAND|ALBANIA|ALEMANIA|ANDORRA|ANGOLA|ANGUILA|ANTIGUA Y BARBUDA|ANTILLAS NEERLANDESAS|ARABIA SAUDITA|ARGELIA|ARGENTINA|ARMENIA|ARUBA|AUSTRALIA|AUSTRIA|AZERBAIYÁN|BAHAMAS|BARÉIN|BANGLADÉS|BARBADOS|BÉLGICA|BELICE|BENÍN|BERMUDAS|BIELORRUSIA|BIRMANIA|BOLIVIA|BOSNIA Y HERZEGOVINA|BOTSUANA|ISLA BOUVET|BRASIL|BRUNÉI|BULGARIA|BURKINA FASO|BURUNDI|BUTÁN|CABO VERDE|ISLAS CAIMÁN|CAMBOYA|CAMERÚN|CANADÁ|REPÚBLICA CENTROAFRICANA|CHAD|REPÚBLICA CHECA|CHILE|CHINA|COLOMBIA|COMORAS|REPÚBLICA DEL CONGO|REP. DEM. DEL CONGO|COREA DEL SUR|COSTA DE MARFIL|COSTA RICA|CROACIA|CUBA|DINAMARCA|DOMINICA|REPÚBLICA DOMINICANA|ECUADOR|EGIPTO|EL SALVADOR|ERITREA|ESCOCIA|ESLOVAQUIA|ESPAÑA|ESTADOS UNIDOS|ESTONIA|ETIOPÍA|ISLAS FEROE|FILIPINAS|FINLANDIA|FIYI|FRANCIA|GABÓN|GAMBIA|GEORGIA|GHANA|GIBRALTAR|GRANADA|GRECIA|GROENLANDIA|GUADALUPE|GUAM|GUATEMALA|GUAYANA FRANCESA|GUERNSEY|GUINEA|GUINEA ECUATORIAL|GUINEA-BISSAU|GUYANA|HAITÍ|ISLAS HEARD Y MCDONALD|HONDURAS|HONG KONG|HUNGRÍA|INDIA|INDONESIA|INGLATERRA|IRÁN|IRAK|IRLANDA|ISLANDIA|ISRAEL|ITALIA|JAMAICA|JAPÓN|JERSEY|JORDANIA|KAZAJISTÁN|KENIA|KIRGUISTÁN|KIRIBATI|KUWAIT|LAOS|LESOTO|LETONIA|LÍBANO|LIBERIA|LIBIA|LIECHTENSTEIN|LITUANIA|LUXEMBURGO|MACAO|REPÚBLICA DE MACEDONIA|MADAGASCAR|MALASIA|MALAUI|MALDIVAS|MALÍ|MALTA|ISLAS MALVINAS|ISLA DE MAN|ISLAS MARIANAS DEL NORTE|MARRUECOS|ISLAS MARSHALL|MARTINICA|MAURICIO|MAURITANIA|MAYOTTE|MÉXICO|MICRONESIA|MOLDAVIA|MÓNACO|MONGOLIA|MONTENEGRO|MONTSERRAT|MOZAMBIQUE|NAMIBIA|NAURU|ISLA DE NAVIDAD|NEPAL|NICARAGUA|NÍGER|NIGERIA|NIUE|NORFOLK|NORUEGA|NUEVA CALEDONIA|NUEVA ZELANDA|OMÁN|PAÍSES BAJOS|PAKISTÁN|PALAOS|AUTORIDAD NACIONAL PALESTINA|PANAMÁ|PAPÚA NUEVA GUINEA|PARAGUAY|PERÚ|ISLAS PITCAIRN|POLINESIA FRANCESA|POLONIA|PORTUGAL|PUERTO RICO|CATAR|REINO UNIDO|REUNIÓN|RUANDA|RUMANÍA|RUSIA|REPÚBLICA ÁRABE SAHARAUI DEMOCRÁTICA|ISLAS SALOMÓN|SAMOA|SAMOA ESTADOUNIDENSE|SAN BARTOLOMÉ|SAN CRISTÓBAL Y NIEVES|SAN MARINO|SAN MARTÍN|SAN PEDRO Y MIQUELÓN|SAN VICENTE Y LAS GRANADINAS|SANTA HELENA, A. Y T.|SANTA LUCÍA|SANTO TOMÉ Y PRÍNCIPE|SENEGAL|SERBIA|SEYCHELLES|SIERRA LEONA|SINGAPUR|SIRIA|SOMALIA|SRI LANKA|SUAZILANDIA|SUDÁFRICA|SUDÁN|SUECIA|SUIZA|SURINAM|SVALBARD Y JAN MAYEN|TAILANDIA|TAIWÁN|TANZANIA|TAYIKISTÁN|TERRITORIO BRITÁNICO DEL OCÉANO ÍNDICO|TERRITORIOS AUSTRALES FRANCESES|TIMOR ORIENTAL|TOGO|TOKELAU|TONGA|TRINIDAD Y TOBAGO|TÚNEZ|ISLAS TURCAS Y CAICOS|TURKMENISTÁN|TURQUÍA|TUVALU|UCRANIA|UGANDA|URUGUAY|UZBEKISTÁN|VANUATU|CIUDAD DEL VATICANO|VENEZUELA|VIETNAM|ISLAS VÍRGENES BRITÁNICAS|ISLAS VÍRGENES DE LOS ESTADOS UNIDOS|WALLIS Y FUTUNA|YEMEN|YIBUTI|ZAMBIA|ZIMBABUE",False,dropDownMenu,,,,,,,,,,,,,,
/sites/ConectaDEV,"metromalaga.sharepoint.com,26c2952e-cdd2-486f-aef3-b4feac1dd2b8,96adc88b-6e6f-4778-8583-2fcae8591186",Objetos Perdidos,Objetos Perdidos NUEVA,2d9e7e33-9ff8-4c9d-a4c0-1797ddb5df63,https://metromalaga.sharepoint.com/sites/ConectaDEV/Lists/Objetos%20Perdidos%20NUEVA,Nombre,Nombre,Nombre,e0833632-3066-45db-a648-0d76f29740c9,text,False,False,False,False,False,,,,,,255.0,,,,,,,,,,,,,
/sites/ConectaDEV,"metromalaga.sharepoint.com,26c2952e-cdd2-486f-aef3-b4feac1dd2b8,96adc88b-6e6f-4778-8583-2fcae8591186",Objetos Perdidos,Objetos Perdidos NUEVA,2d9e7e33-9ff8-4c9d-a4c0-1797ddb5df63,https://metromalaga.sharepoint.com/sites/ConectaDEV/Lists/Objetos%20Perdidos%20NUEVA,NumTituloViaje,NumTituloViaje,NumTituloViaje,78f54acc-09a5-4e8a-b156-ca49a127752b,text,False,False,False,False,False,,,,,,255.0,,,,,,,,,,,,,
/sites/ConectaDEV,"metromalaga.sharepoint.com,26c2952e-cdd2-486f-aef3-b4feac1dd2b8,96adc88b-6e6f-4778-8583-2fcae8591186",Objetos Perdidos,Objetos Perdidos NUEVA,2d9e7e33-9ff8-4c9d-a4c0-1797ddb5df63,https://metromalaga.sharepoint.com/sites/ConectaDEV/Lists/Objetos%20Perdidos%20NUEVA,Numero,Numero,Numero,d7a6518e-e210-48a7-9857-40a7b47fb410,text,False,False,False,False,False,,,,,,255.0,,,,,,,,,,,,,
/sites/ConectaDEV,"metromalaga.sharepoint.com,26c2952e-cdd2-486f-aef3-b4feac1dd2b8,96adc88b-6e6f-4778-8583-2fcae8591186",Objetos Perdidos,Objetos Perdidos NUEVA,2d9e7e33-9ff8-4c9d-a4c0-1797ddb5df63,https://metromalaga.sharepoint.com/sites/ConectaDEV/Lists/Objetos%20Perdidos%20NUEVA,NumeroDeDocumento,NumeroDeDocumento,NumeroDeDocumento,fedf4601-413d-453a-bbef-49e1204a3dd2,text,False,False,False,False,False,,,,,,255.0,,,,,,,,,,,,,
/sites/ConectaDEV,"metromalaga.sharepoint.com,26c2952e-cdd2-486f-aef3-b4feac1dd2b8,96adc88b-6e6f-4778-8583-2fcae8591186",Objetos Perdidos,Objetos Perdidos NUEVA,2d9e7e33-9ff8-4c9d-a4c0-1797ddb5df63,https://metromalaga.sharepoint.com/sites/ConectaDEV/Lists/Objetos%20Perdidos%20NUEVA,Nº solicitud,Title,Title,fa564e0f-0c70-4ab9-b863-0177e6ddd247,text,True,False,False,False,False,,,,,,255.0,,,,,,,,,,,,,
/sites/ConectaDEV,"metromalaga.sharepoint.com,26c2952e-cdd2-486f-aef3-b4feac1dd2b8,96adc88b-6e6f-4778-8583-2fcae8591186",Objetos Perdidos,Objetos Perdidos NUEVA,2d9e7e33-9ff8-4c9d-a4c0-1797ddb5df63,https://metromalaga.sharepoint.com/sites/ConectaDEV/Lists/Objetos%20Perdidos%20NUEVA,Observaciones,Observaciones,Observaciones,d3c7b7d5-004d-44b1-87bc-ca7c6661d365,text,False,False,False,False,False,,,,,,,,,,,,,,,,,,,
/sites/ConectaDEV,"metromalaga.sharepoint.com,26c2952e-cdd2-486f-aef3-b4feac1dd2b8,96adc88b-6e6f-4778-8583-2fcae8591186",Objetos Perdidos,Objetos Perdidos NUEVA,2d9e7e33-9ff8-4c9d-a4c0-1797ddb5df63,https://metromalaga.sharepoint.com/sites/ConectaDEV/Lists/Objetos%20Perdidos%20NUEVA,Piso,Piso,Piso,2d81c29f-dcc0-4174-998e-0c02265a9d69,text,False,False,False,False,False,,,,,,255.0,,,,,,,,,,,,,
/sites/ConectaDEV,"metromalaga.sharepoint.com,26c2952e-cdd2-486f-aef3-b4feac1dd2b8,96adc88b-6e6f-4778-8583-2fcae8591186",Objetos Perdidos,Objetos Perdidos NUEVA,2d9e7e33-9ff8-4c9d-a4c0-1797ddb5df63,https://metromalaga.sharepoint.com/sites/ConectaDEV/Lists/Objetos%20Perdidos%20NUEVA,Propietario - Apellidos,PropApellidos,PropApellidos,d6b72277-5f24-4326-ba4d-0b81e541e99f,text,False,False,False,False,False,,,,,,255.0,,,,,,,,,,,,,
/sites/ConectaDEV,"metromalaga.sharepoint.com,26c2952e-cdd2-486f-aef3-b4feac1dd2b8,96adc88b-6e6f-4778-8583-2fcae8591186",Objetos Perdidos,Objetos Perdidos NUEVA,2d9e7e33-9ff8-4c9d-a4c0-1797ddb5df63,https://metromalaga.sharepoint.com/sites/ConectaDEV/Lists/Objetos%20Perdidos%20NUEVA,Propietario - E-mail,PropEmail,PropEmail,cf05ef82-2337-4a86-917c-3c439cf4b1e5,text,False,False,False,False,False,,,,,,255.0,,,,,,,,,,,,,
/sites/ConectaDEV,"metromalaga.sharepoint.com,26c2952e-cdd2-486f-aef3-b4feac1dd2b8,96adc88b-6e6f-4778-8583-2fcae8591186",Objetos Perdidos,Objetos Perdidos NUEVA,2d9e7e33-9ff8-4c9d-a4c0-1797ddb5df63,https://metromalaga.sharepoint.com/sites/ConectaDEV/Lists/Objetos%20Perdidos%20NUEVA,Propietario - N Documento,PropNumDoc,PropNumDoc,d910e7a4-e26e-454e-b1d6-070ed34424da,text,False,False,False,False,False,,,,,,255.0,,,,,,,,,,,,,
/sites/ConectaDEV,"metromalaga.sharepoint.com,26c2952e-cdd2-486f-aef3-b4feac1dd2b8,96adc88b-6e6f-4778-8583-2fcae8591186",Objetos Perdidos,Objetos Perdidos NUEVA,2d9e7e33-9ff8-4c9d-a4c0-1797ddb5df63,https://metromalaga.sharepoint.com/sites/ConectaDEV/Lists/Objetos%20Perdidos%20NUEVA,Propietario - Nombre,PropNombre,PropNombre,dfdb4734-4273-4781-abc7-d236934ba582,text,False,False,False,False,False,,,,,,255.0,,,,,,,,,,,,,
/sites/ConectaDEV,"metromalaga.sharepoint.com,26c2952e-cdd2-486f-aef3-b4feac1dd2b8,96adc88b-6e6f-4778-8583-2fcae8591186",Objetos Perdidos,Objetos Perdidos NUEVA,2d9e7e33-9ff8-4c9d-a4c0-1797ddb5df63,https://metromalaga.sharepoint.com/sites/ConectaDEV/Lists/Objetos%20Perdidos%20NUEVA,Propietario - Telefono,PropTelefono,PropTelefono,eafa54f7-5d73-4b7c-8600-ac2afc1c6854,text,False,False,False,False,False,,,,,,255.0,,,,,,,,,,,,,
/sites/ConectaDEV,"metromalaga.sharepoint.com,26c2952e-cdd2-486f-aef3-b4feac1dd2b8,96adc88b-6e6f-4778-8583-2fcae8591186",Objetos Perdidos,Objetos Perdidos NUEVA,2d9e7e33-9ff8-4c9d-a4c0-1797ddb5df63,https://metromalaga.sharepoint.com/sites/ConectaDEV/Lists/Objetos%20Perdidos%20NUEVA,Propietario - Tipo Documento,PropTipoDoc,PropTipoDoc,acae56d3-df21-4aa4-bdf9-4318341f810b,choice,False,False,False,False,False,,,|NIF|NIE|Pasaporte|Otros,False,dropDownMenu,,,,,,,,,,,,,,
/sites/ConectaDEV,"metromalaga.sharepoint.com,26c2952e-cdd2-486f-aef3-b4feac1dd2b8,96adc88b-6e6f-4778-8583-2fcae8591186",Objetos Perdidos,Objetos Perdidos NUEVA,2d9e7e33-9ff8-4c9d-a4c0-1797ddb5df63,https://metromalaga.sharepoint.com/sites/ConectaDEV/Lists/Objetos%20Perdidos%20NUEVA,Provincia,Provincia,Provincia,edbd2fd3-5052-4737-9ac4-5c70cc859304,text,False,False,False,False,False,,,,,,255.0,,,,,,,,,,,,,
/sites/ConectaDEV,"metromalaga.sharepoint.com,26c2952e-cdd2-486f-aef3-b4feac1dd2b8,96adc88b-6e6f-4778-8583-2fcae8591186",Objetos Perdidos,Objetos Perdidos NUEVA,2d9e7e33-9ff8-4c9d-a4c0-1797ddb5df63,https://metromalaga.sharepoint.com/sites/ConectaDEV/Lists/Objetos%20Perdidos%20NUEVA,Puerta,Puerta,Puerta,b5517a98-4f2c-4eaa-a039-76f753f57539,text,False,False,False,False,False,,,,,,255.0,,,,,,,,,,,,,
/sites/ConectaDEV,"metromalaga.sharepoint.com,26c2952e-cdd2-486f-aef3-b4feac1dd2b8,96adc88b-6e6f-4778-8583-2fcae8591186",Objetos Perdidos,Objetos Perdidos NUEVA,2d9e7e33-9ff8-4c9d-a4c0-1797ddb5df63,https://metromalaga.sharepoint.com/sites/ConectaDEV/Lists/Objetos%20Perdidos%20NUEVA,Reclamante - Apellidos,RecApellidos,RecApellidos,f1855cda-3e3d-4340-b503-bc4f4bd86ab8,text,False,False,False,False,False,,,,,,255.0,,,,,,,,,,,,,
/sites/ConectaDEV,"metromalaga.sharepoint.com,26c2952e-cdd2-486f-aef3-b4feac1dd2b8,96adc88b-6e6f-4778-8583-2fcae8591186",Objetos Perdidos,Objetos Perdidos NUEVA,2d9e7e33-9ff8-4c9d-a4c0-1797ddb5df63,https://metromalaga.sharepoint.com/sites/ConectaDEV/Lists/Objetos%20Perdidos%20NUEVA,Reclamante - E-mail,RecEmail,RecEmail,a1cc9677-2ab6-4e07-b579-bd0ed09866fe,text,False,False,False,False,False,,,,,,255.0,,,,,,,,,,,,,
/sites/ConectaDEV,"metromalaga.sharepoint.com,26c2952e-cdd2-486f-aef3-b4feac1dd2b8,96adc88b-6e6f-4778-8583-2fcae8591186",Objetos Perdidos,Objetos Perdidos NUEVA,2d9e7e33-9ff8-4c9d-a4c0-1797ddb5df63,https://metromalaga.sharepoint.com/sites/ConectaDEV/Lists/Objetos%20Perdidos%20NUEVA,Reclamante - N Documento,RecNumDoc,RecNumDoc,02ab6b80-79a8-4a31-a599-fe04e50fdb3d,text,False,False,False,False,False,,,,,,255.0,,,,,,,,,,,,,
/sites/ConectaDEV,"metromalaga.sharepoint.com,26c2952e-cdd2-486f-aef3-b4feac1dd2b8,96adc88b-6e6f-4778-8583-2fcae8591186",Objetos Perdidos,Objetos Perdidos NUEVA,2d9e7e33-9ff8-4c9d-a4c0-1797ddb5df63,https://metromalaga.sharepoint.com/sites/ConectaDEV/Lists/Objetos%20Perdidos%20NUEVA,Reclamante - Nombre,RecNombre,RecNombre,534628ce-cbd6-4b86-87d9-7f06d1912584,text,False,False,False,False,False,,,,,,255.0,,,,,,,,,,,,,
/sites/ConectaDEV,"metromalaga.sharepoint.com,26c2952e-cdd2-486f-aef3-b4feac1dd2b8,96adc88b-6e6f-4778-8583-2fcae8591186",Objetos Perdidos,Objetos Perdidos NUEVA,2d9e7e33-9ff8-4c9d-a4c0-1797ddb5df63,https://metromalaga.sharepoint.com/sites/ConectaDEV/Lists/Objetos%20Perdidos%20NUEVA,Reclamante - Telefono,RecTelefono,RecTelefono,be294c14-4230-4e67-b517-b2e2711a1d50,text,False,False,False,False,False,,,,,,255.0,,,,,,,,,,,,,
/sites/ConectaDEV,"metromalaga.sharepoint.com,26c2952e-cdd2-486f-aef3-b4feac1dd2b8,96adc88b-6e6f-4778-8583-2fcae8591186",Objetos Perdidos,Objetos Perdidos NUEVA,2d9e7e33-9ff8-4c9d-a4c0-1797ddb5df63,https://metromalaga.sharepoint.com/sites/ConectaDEV/Lists/Objetos%20Perdidos%20NUEVA,Reclamante - Tipo Documento,RecTipoDoc,RecTipoDoc,64420b7a-871d-4844-b981-bf90ee0dfa0b,choice,False,False,False,False,False,,,|NIF|NIE|Pasaporte|Otros,False,dropDownMenu,,,,,,,,,,,,,,
/sites/ConectaDEV,"metromalaga.sharepoint.com,26c2952e-cdd2-486f-aef3-b4feac1dd2b8,96adc88b-6e6f-4778-8583-2fcae8591186",Objetos Perdidos,Objetos Perdidos NUEVA,2d9e7e33-9ff8-4c9d-a4c0-1797ddb5df63,https://metromalaga.sharepoint.com/sites/ConectaDEV/Lists/Objetos%20Perdidos%20NUEVA,Telefono,Telefono,Telefono,5324afe1-77dc-4e45-a21e-e33750f79e96,text,False,False,False,False,False,,,,,,255.0,,,,,,,,,,,,,
/sites/ConectaDEV,"metromalaga.sharepoint.com,26c2952e-cdd2-486f-aef3-b4feac1dd2b8,96adc88b-6e6f-4778-8583-2fcae8591186",Objetos Perdidos,Objetos Perdidos NUEVA,2d9e7e33-9ff8-4c9d-a4c0-1797ddb5df63,https://metromalaga.sharepoint.com/sites/ConectaDEV/Lists/Objetos%20Perdidos%20NUEVA,Tipo de Objeto,TipoObjeto,TipoObjeto,b604def1-5f70-43d8-b1d2-a875d0ce5687,text,False,False,False,False,False,,,,,,255.0,,,,,,,,,,,,,
/sites/ConectaDEV,"metromalaga.sharepoint.com,26c2952e-cdd2-486f-aef3-b4feac1dd2b8,96adc88b-6e6f-4778-8583-2fcae8591186",Objetos Perdidos,Objetos Perdidos NUEVA,2d9e7e33-9ff8-4c9d-a4c0-1797ddb5df63,https://metromalaga.sharepoint.com/sites/ConectaDEV/Lists/Objetos%20Perdidos%20NUEVA,Tipo de Registro,TipoRegistro,TipoRegistro,d0575b97-c2f0-492a-9415-f1a4aaceec74,choice,False,False,False,False,False,,,Objeto Encontrado|Objeto Perdido Reclamado,False,dropDownMenu,,,,,,,,,,,,,,
/sites/ConectaDEV,"metromalaga.sharepoint.com,26c2952e-cdd2-486f-aef3-b4feac1dd2b8,96adc88b-6e6f-4778-8583-2fcae8591186",Objetos Perdidos,Objetos Perdidos NUEVA,2d9e7e33-9ff8-4c9d-a4c0-1797ddb5df63,https://metromalaga.sharepoint.com/sites/ConectaDEV/Lists/Objetos%20Perdidos%20NUEVA,Tipo de contenido,ContentType,ContentType,c042a256-787d-4a6f-8a8a-cf6ab767f12d,unknown,False,False,False,False,False,,,,,,,,,,,,,,,,,,,
/sites/ConectaDEV,"metromalaga.sharepoint.com,26c2952e-cdd2-486f-aef3-b4feac1dd2b8,96adc88b-6e6f-4778-8583-2fcae8591186",Objetos Perdidos,Objetos Perdidos NUEVA,2d9e7e33-9ff8-4c9d-a4c0-1797ddb5df63,https://metromalaga.sharepoint.com/sites/ConectaDEV/Lists/Objetos%20Perdidos%20NUEVA,TipoDeDocumento,TipoDeDocumento,TipoDeDocumento,7e5c0d8c-69d2-4467-82c4-764285788cd6,choice,False,False,False,False,False,NIF,,NIF|PAS|NIE,False,dropDownMenu,,,,,,,,,,,,,,
/sites/ConectaDEV,"metromalaga.sharepoint.com,26c2952e-cdd2-486f-aef3-b4feac1dd2b8,96adc88b-6e6f-4778-8583-2fcae8591186",Objetos Perdidos,Objetos Perdidos NUEVA,2d9e7e33-9ff8-4c9d-a4c0-1797ddb5df63,https://metromalaga.sharepoint.com/sites/ConectaDEV/Lists/Objetos%20Perdidos%20NUEVA,TipoDeTitulo,TipoDeTitulo,TipoDeTitulo,16c68126-a745-4c7c-91bb-96b8d253f597,choice,False,False,False,False,False,Monedero Metro Málaga,,Monedero Metro Málaga|Ocasional Metro de Málaga|Tarjeta MásMetro|Tarjeta Monedero Consorcio de Transportes de Andalucía|Tarjeta Consorcio de Transportes de Andalucía Joven|Tarjeta Consorcio de Transportes de Andalucía Familia Numerosa|Validación con sistema EMV (Tarjeta de Crédito/Débito física no registrada)|Validación con sistema EMV móvil (Tarjeta de Crédito/Débito con NFC móvil no registrada)|Validación con ABT (Tarjeta de Crédito/Débito registrada en MetroPay),False,dropDownMenu,,,,,,,,,,,,,,
/sites/ConectaDEV,"metromalaga.sharepoint.com,26c2952e-cdd2-486f-aef3-b4feac1dd2b8,96adc88b-6e6f-4778-8583-2fcae8591186",Objetos Perdidos,Objetos Perdidos NUEVA,2d9e7e33-9ff8-4c9d-a4c0-1797ddb5df63,https://metromalaga.sharepoint.com/sites/ConectaDEV/Lists/Objetos%20Perdidos%20NUEVA,URL Adjuntos,AdjuntosUrl,AdjuntosUrl,76b45f01-6a3d-4762-810a-95ea8568c690,unknown,False,False,False,False,False,,,,,,,,,,,,,,,,,,,
/sites/ConectaDEV,"metromalaga.sharepoint.com,26c2952e-cdd2-486f-aef3-b4feac1dd2b8,96adc88b-6e6f-4778-8583-2fcae8591186",Objetos Perdidos,Objetos Perdidos NUEVA,2d9e7e33-9ff8-4c9d-a4c0-1797ddb5df63,https://metromalaga.sharepoint.com/sites/ConectaDEV/Lists/Objetos%20Perdidos%20NUEVA,Aplicación creada por,AppAuthor,AppAuthor,6bfaba20-36bf-44b5-a1b2-eb6346d49716,lookup,False,False,True,False,False,,,,,,,,,,,,AppPrincipals,Title,False,,,,,
/sites/ConectaDEV,"metromalaga.sharepoint.com,26c2952e-cdd2-486f-aef3-b4feac1dd2b8,96adc88b-6e6f-4778-8583-2fcae8591186",Objetos Perdidos,Objetos Perdidos NUEVA,2d9e7e33-9ff8-4c9d-a4c0-1797ddb5df63,https://metromalaga.sharepoint.com/sites/ConectaDEV/Lists/Objetos%20Perdidos%20NUEVA,Aplicación modificada por,AppEditor,AppEditor,e08400f3-c779-4ed2-a18c-ab7f34caa318,lookup,False,False,True,False,False,,,,,,,,,,,,AppPrincipals,Title,False,,,,,
/sites/ConectaDEV,"metromalaga.sharepoint.com,26c2952e-cdd2-486f-aef3-b4feac1dd2b8,96adc88b-6e6f-4778-8583-2fcae8591186",Objetos Perdidos,Objetos Perdidos NUEVA,2d9e7e33-9ff8-4c9d-a4c0-1797ddb5df63,https://metromalaga.sharepoint.com/sites/ConectaDEV/Lists/Objetos%20Perdidos%20NUEVA,Configuración de la etiqueta,_ComplianceFlags,_ComplianceFlags,ccc1037f-f65e-434a-868e-8c98af31fe29,lookup,False,False,True,False,False,,,,,,,,,,,,,ComplianceFlags,False,,,,,
/sites/ConectaDEV,"metromalaga.sharepoint.com,26c2952e-cdd2-486f-aef3-b4feac1dd2b8,96adc88b-6e6f-4778-8583-2fcae8591186",Objetos Perdidos,Objetos Perdidos NUEVA,2d9e7e33-9ff8-4c9d-a4c0-1797ddb5df63,https://metromalaga.sharepoint.com/sites/ConectaDEV/Lists/Objetos%20Perdidos%20NUEVA,Creado,Created,Created,8c06beca-0777-48f7-91c7-6da68bc07b69,dateTime,False,False,True,False,False,,,,,,,,,,default,dateTime,,,,,,,,
/sites/ConectaDEV,"metromalaga.sharepoint.com,26c2952e-cdd2-486f-aef3-b4feac1dd2b8,96adc88b-6e6f-4778-8583-2fcae8591186",Objetos Perdidos,Objetos Perdidos NUEVA,2d9e7e33-9ff8-4c9d-a4c0-1797ddb5df63,https://metromalaga.sharepoint.com/sites/ConectaDEV/Lists/Objetos%20Perdidos%20NUEVA,Creado por,Author,Author,1df5e554-ec7e-46a6-901d-d85a3881cb18,personOrGroup,False,False,True,False,False,,,,,,,,,,,,,,,False,peopleAndGroups,nameWithPresence,,
/sites/ConectaDEV,"metromalaga.sharepoint.com,26c2952e-cdd2-486f-aef3-b4feac1dd2b8,96adc88b-6e6f-4778-8583-2fcae8591186",Objetos Perdidos,Objetos Perdidos NUEVA,2d9e7e33-9ff8-4c9d-a4c0-1797ddb5df63,https://metromalaga.sharepoint.com/sites/ConectaDEV/Lists/Objetos%20Perdidos%20NUEVA,Editar,Edit,Edit,503f1caa-358e-4918-9094-4a2cdc4bc034,unknown,False,False,True,False,False,,,,,,,,,,,,,,,,,,,
/sites/ConectaDEV,"metromalaga.sharepoint.com,26c2952e-cdd2-486f-aef3-b4feac1dd2b8,96adc88b-6e6f-4778-8583-2fcae8591186",Objetos Perdidos,Objetos Perdidos NUEVA,2d9e7e33-9ff8-4c9d-a4c0-1797ddb5df63,https://metromalaga.sharepoint.com/sites/ConectaDEV/Lists/Objetos%20Perdidos%20NUEVA,El elemento es un registro,_IsRecord,_IsRecord,8382d247-72a9-44b1-9794-7b177edc89f3,unknown,False,False,True,False,False,,,,,,,,,,,,,,,,,,,
/sites/ConectaDEV,"metromalaga.sharepoint.com,26c2952e-cdd2-486f-aef3-b4feac1dd2b8,96adc88b-6e6f-4778-8583-2fcae8591186",Objetos Perdidos,Objetos Perdidos NUEVA,2d9e7e33-9ff8-4c9d-a4c0-1797ddb5df63,https://metromalaga.sharepoint.com/sites/ConectaDEV/Lists/Objetos%20Perdidos%20NUEVA,Etiqueta de color,_ColorTag,_ColorTag,76d13cd2-1bae-45a5-8b74-545b87b65037,text,False,False,True,False,False,,,,,,255.0,,,,,,,,,,,,,
/sites/ConectaDEV,"metromalaga.sharepoint.com,26c2952e-cdd2-486f-aef3-b4feac1dd2b8,96adc88b-6e6f-4778-8583-2fcae8591186",Objetos Perdidos,Objetos Perdidos NUEVA,2d9e7e33-9ff8-4c9d-a4c0-1797ddb5df63,https://metromalaga.sharepoint.com/sites/ConectaDEV/Lists/Objetos%20Perdidos%20NUEVA,Etiqueta de retención,_ComplianceTag,_ComplianceTag,d4b6480a-4bed-4094-9a52-30181ea38f1d,lookup,False,False,True,False,False,,,,,,,,,,,,,ComplianceTag,False,,,,,
/sites/ConectaDEV,"metromalaga.sharepoint.com,26c2952e-cdd2-486f-aef3-b4feac1dd2b8,96adc88b-6e6f-4778-8583-2fcae8591186",Objetos Perdidos,Objetos Perdidos NUEVA,2d9e7e33-9ff8-4c9d-a4c0-1797ddb5df63,https://metromalaga.sharepoint.com/sites/ConectaDEV/Lists/Objetos%20Perdidos%20NUEVA,Etiqueta de retención aplicada,_ComplianceTagWrittenTime,_ComplianceTagWrittenTime,92be610e-ddbb-49f4-b3b1-5c2bc768df8f,lookup,False,False,True,False,False,,,,,,,,,,,,,ComplianceTagWrittenTime,False,,,,,
/sites/ConectaDEV,"metromalaga.sharepoint.com,26c2952e-cdd2-486f-aef3-b4feac1dd2b8,96adc88b-6e6f-4778-8583-2fcae8591186",Objetos Perdidos,Objetos Perdidos NUEVA,2d9e7e33-9ff8-4c9d-a4c0-1797ddb5df63,https://metromalaga.sharepoint.com/sites/ConectaDEV/Lists/Objetos%20Perdidos%20NUEVA,ID,ID,ID,1d22ea11-1e32-424e-89ab-9fedbadb6ce1,unknown,False,False,True,False,False,,,,,,,,,,,,,,,,,,,
/sites/ConectaDEV,"metromalaga.sharepoint.com,26c2952e-cdd2-486f-aef3-b4feac1dd2b8,96adc88b-6e6f-4778-8583-2fcae8591186",Objetos Perdidos,Objetos Perdidos NUEVA,2d9e7e33-9ff8-4c9d-a4c0-1797ddb5df63,https://metromalaga.sharepoint.com/sites/ConectaDEV/Lists/Objetos%20Perdidos%20NUEVA,Id. de activo de cumplimiento normativo,ComplianceAssetId,ComplianceAssetId,3a6b296c-3f50-445c-a13f-9c679ea9dda3,text,False,False,True,False,False,,,,,,255.0,,,,,,,,,,,,,
/sites/ConectaDEV,"metromalaga.sharepoint.com,26c2952e-cdd2-486f-aef3-b4feac1dd2b8,96adc88b-6e6f-4778-8583-2fcae8591186",Objetos Perdidos,Objetos Perdidos NUEVA,2d9e7e33-9ff8-4c9d-a4c0-1797ddb5df63,https://metromalaga.sharepoint.com/sites/ConectaDEV/Lists/Objetos%20Perdidos%20NUEVA,Modificado,Modified,Modified,28cf69c5-fa48-462a-b5cd-27b6f9d2bd5f,dateTime,False,False,True,True,False,,,,,,,,,,default,dateTime,,,,,,,,
/sites/ConectaDEV,"metromalaga.sharepoint.com,26c2952e-cdd2-486f-aef3-b4feac1dd2b8,96adc88b-6e6f-4778-8583-2fcae8591186",Objetos Perdidos,Objetos Perdidos NUEVA,2d9e7e33-9ff8-4c9d-a4c0-1797ddb5df63,https://metromalaga.sharepoint.com/sites/ConectaDEV/Lists/Objetos%20Perdidos%20NUEVA,Modificado por,Editor,Editor,d31655d1-1d5b-4511-95a1-7a09e9b75bf2,personOrGroup,False,False,True,False,False,,,,,,,,,,,,,,,False,peopleAndGroups,nameWithPresence,,
/sites/ConectaDEV,"metromalaga.sharepoint.com,26c2952e-cdd2-486f-aef3-b4feac1dd2b8,96adc88b-6e6f-4778-8583-2fcae8591186",Objetos Perdidos,Objetos Perdidos NUEVA,2d9e7e33-9ff8-4c9d-a4c0-1797ddb5df63,https://metromalaga.sharepoint.com/sites/ConectaDEV/Lists/Objetos%20Perdidos%20NUEVA,Nº solicitud,LinkTitleNoMenu,LinkTitleNoMenu,bc91a437-52e7-49e1-8c4e-4698904b2b6d,unknown,False,False,True,False,False,,,,,,,,,,,,,,,,,,,
/sites/ConectaDEV,"metromalaga.sharepoint.com,26c2952e-cdd2-486f-aef3-b4feac1dd2b8,96adc88b-6e6f-4778-8583-2fcae8591186",Objetos Perdidos,Objetos Perdidos NUEVA,2d9e7e33-9ff8-4c9d-a4c0-1797ddb5df63,https://metromalaga.sharepoint.com/sites/ConectaDEV/Lists/Objetos%20Perdidos%20NUEVA,Nº solicitud,LinkTitle,LinkTitle,82642ec8-ef9b-478f-acf9-31f7d45fbc31,unknown,False,False,True,False,False,,,,,,,,,,,,,,,,,,,
/sites/ConectaDEV,"metromalaga.sharepoint.com,26c2952e-cdd2-486f-aef3-b4feac1dd2b8,96adc88b-6e6f-4778-8583-2fcae8591186",Objetos Perdidos,Objetos Perdidos NUEVA,2d9e7e33-9ff8-4c9d-a4c0-1797ddb5df63,https://metromalaga.sharepoint.com/sites/ConectaDEV/Lists/Objetos%20Perdidos%20NUEVA,Número secundario de elemento,ItemChildCount,ItemChildCount,b824e17e-a1b3-426e-aecf-f0184d900485,lookup,False,False,True,False,False,,,,,,,,,,,,,ItemChildCount,False,,,,,
/sites/ConectaDEV,"metromalaga.sharepoint.com,26c2952e-cdd2-486f-aef3-b4feac1dd2b8,96adc88b-6e6f-4778-8583-2fcae8591186",Objetos Perdidos,Objetos Perdidos NUEVA,2d9e7e33-9ff8-4c9d-a4c0-1797ddb5df63,https://metromalaga.sharepoint.com/sites/ConectaDEV/Lists/Objetos%20Perdidos%20NUEVA,Recuento secundario de carpetas,FolderChildCount,FolderChildCount,960ff01f-2b6d-4f1b-9c3f-e19ad8927341,lookup,False,False,True,False,False,,,,,,,,,,,,,FolderChildCount,False,,,,,
/sites/ConectaDEV,"metromalaga.sharepoint.com,26c2952e-cdd2-486f-aef3-b4feac1dd2b8,96adc88b-6e6f-4778-8583-2fcae8591186",Objetos Perdidos,Objetos Perdidos NUEVA,2d9e7e33-9ff8-4c9d-a4c0-1797ddb5df63,https://metromalaga.sharepoint.com/sites/ConectaDEV/Lists/Objetos%20Perdidos%20NUEVA,Tipo,DocIcon,DocIcon,081c6e4c-5c14-4f20-b23e-1a71ceb6a67c,unknown,False,False,True,False,False,,,,,,,,,,,,,,,,,,,
/sites/ConectaDEV,"metromalaga.sharepoint.com,26c2952e-cdd2-486f-aef3-b4feac1dd2b8,96adc88b-6e6f-4778-8583-2fcae8591186",Objetos Perdidos,Objetos Perdidos NUEVA,2d9e7e33-9ff8-4c9d-a4c0-1797ddb5df63,https://metromalaga.sharepoint.com/sites/ConectaDEV/Lists/Objetos%20Perdidos%20NUEVA,Usuario que ha aplicado la etiqueta:,_ComplianceTagUserId,_ComplianceTagUserId,418d7676-2d6f-42cf-a16a-e43d2971252a,lookup,False,False,True,False,False,,,,,,,,,,,,,ComplianceTagUserId,False,,,,,
/sites/ConectaDEV,"metromalaga.sharepoint.com,26c2952e-cdd2-486f-aef3-b4feac1dd2b8,96adc88b-6e6f-4778-8583-2fcae8591186",Objetos Perdidos,Objetos Perdidos NUEVA,2d9e7e33-9ff8-4c9d-a4c0-1797ddb5df63,https://metromalaga.sharepoint.com/sites/ConectaDEV/Lists/Objetos%20Perdidos%20NUEVA,Versión,_UIVersionString,_UIVersionString,dce8262a-3ae9-45aa-aab4-83bd75fb738a,text,False,False,True,False,False,,,,,,255.0,,,,,,,,,,,,,
/sites/ConectaDEV,"metromalaga.sharepoint.com,26c2952e-cdd2-486f-aef3-b4feac1dd2b8,96adc88b-6e6f-4778-8583-2fcae8591186",ReclamacionesQuejas,ReclamacionesQuejas,fdeccab2-a629-491b-baa0-64e5eb0decff,https://metromalaga.sharepoint.com/sites/ConectaDEV/Lists/ReclamacionesQuejas,Acuse de Recibo,AcuseRecibo,AcuseRecibo,54bf3db0-3a27-4108-a4d8-ad59bc06ace5,boolean,False,False,False,False,False,0,,,,,,,,,,,,,,,,,,
/sites/ConectaDEV,"metromalaga.sharepoint.com,26c2952e-cdd2-486f-aef3-b4feac1dd2b8,96adc88b-6e6f-4778-8583-2fcae8591186",ReclamacionesQuejas,ReclamacionesQuejas,fdeccab2-a629-491b-baa0-64e5eb0decff,https://metromalaga.sharepoint.com/sites/ConectaDEV/Lists/ReclamacionesQuejas,Adjuntos,AdjuntosUrl,AdjuntosUrl,1e70f5c6-b9a0-4ae0-b5e6-d5f1d77eab3b,unknown,False,False,False,False,False,,,,,,,,,,,,,,,,,,,
/sites/ConectaDEV,"metromalaga.sharepoint.com,26c2952e-cdd2-486f-aef3-b4feac1dd2b8,96adc88b-6e6f-4778-8583-2fcae8591186",ReclamacionesQuejas,ReclamacionesQuejas,fdeccab2-a629-491b-baa0-64e5eb0decff,https://metromalaga.sharepoint.com/sites/ConectaDEV/Lists/ReclamacionesQuejas,Apellidos,Apellidos,Apellidos,0b1ed7f5-f466-4610-9f41-fd8c92b4c7e7,text,False,False,False,False,False,,,,,,255.0,,,,,,,,,,,,,
/sites/ConectaDEV,"metromalaga.sharepoint.com,26c2952e-cdd2-486f-aef3-b4feac1dd2b8,96adc88b-6e6f-4778-8583-2fcae8591186",ReclamacionesQuejas,ReclamacionesQuejas,fdeccab2-a629-491b-baa0-64e5eb0decff,https://metromalaga.sharepoint.com/sites/ConectaDEV/Lists/ReclamacionesQuejas,CP,CP,CP,3f6a1bc9-6c46-4ed0-971b-f3918b7389ee,text,False,False,False,False,False,,,,,,255.0,,,,,,,,,,,,,
/sites/ConectaDEV,"metromalaga.sharepoint.com,26c2952e-cdd2-486f-aef3-b4feac1dd2b8,96adc88b-6e6f-4778-8583-2fcae8591186",ReclamacionesQuejas,ReclamacionesQuejas,fdeccab2-a629-491b-baa0-64e5eb0decff,https://metromalaga.sharepoint.com/sites/ConectaDEV/Lists/ReclamacionesQuejas,Canal recepción,CanalRecepcion,CanalRecepcion,fd3bf46a-67dc-4992-8225-993f691cc1d7,choice,False,False,False,False,False,,,Presencial|Línea 902|Correo electrónico|Formulario Web|Escrito postal /fax,False,dropDownMenu,,,,,,,,,,,,,,
/sites/ConectaDEV,"metromalaga.sharepoint.com,26c2952e-cdd2-486f-aef3-b4feac1dd2b8,96adc88b-6e6f-4778-8583-2fcae8591186",ReclamacionesQuejas,ReclamacionesQuejas,fdeccab2-a629-491b-baa0-64e5eb0decff,https://metromalaga.sharepoint.com/sites/ConectaDEV/Lists/ReclamacionesQuejas,Clasificación,Clasificacion,Clasificacion,ae0247a0-d551-4258-ab45-882b682e8a6d,choice,False,False,False,False,False,,,Reclamación|Queja|Sugerencia|Agradecimiento,False,dropDownMenu,,,,,,,,,,,,,,
/sites/ConectaDEV,"metromalaga.sharepoint.com,26c2952e-cdd2-486f-aef3-b4feac1dd2b8,96adc88b-6e6f-4778-8583-2fcae8591186",ReclamacionesQuejas,ReclamacionesQuejas,fdeccab2-a629-491b-baa0-64e5eb0decff,https://metromalaga.sharepoint.com/sites/ConectaDEV/Lists/ReclamacionesQuejas,DAB,DAB,DAB,2a6f3f93-2894-40f8-9fdf-7117b502cc71,lookup,False,False,False,False,False,,,,,,,,,,,,c9df13ee-655e-4575-aa4c-e072232e3386,Title,False,,,,,
/sites/ConectaDEV,"metromalaga.sharepoint.com,26c2952e-cdd2-486f-aef3-b4feac1dd2b8,96adc88b-6e6f-4778-8583-2fcae8591186",ReclamacionesQuejas,ReclamacionesQuejas,fdeccab2-a629-491b-baa0-64e5eb0decff,https://metromalaga.sharepoint.com/sites/ConectaDEV/Lists/ReclamacionesQuejas,Datos adjuntos,Attachments,Attachments,67df98f4-9dec-48ff-a553-29bece9c5bf4,unknown,False,False,False,False,False,,,,,,,,,,,,,,,,,,,
/sites/ConectaDEV,"metromalaga.sharepoint.com,26c2952e-cdd2-486f-aef3-b4feac1dd2b8,96adc88b-6e6f-4778-8583-2fcae8591186",ReclamacionesQuejas,ReclamacionesQuejas,fdeccab2-a629-491b-baa0-64e5eb0decff,https://metromalaga.sharepoint.com/sites/ConectaDEV/Lists/ReclamacionesQuejas,Descripcion corta,DescripcionCorta,DescripcionCorta,3359fdd1-9be4-4381-aee1-d62039af8372,lookup,False,False,False,False,False,,,,,,,,,,,,306ffe60-fb81-45b6-a9f3-5c671009c354,Title,False,,,,,
/sites/ConectaDEV,"metromalaga.sharepoint.com,26c2952e-cdd2-486f-aef3-b4feac1dd2b8,96adc88b-6e6f-4778-8583-2fcae8591186",ReclamacionesQuejas,ReclamacionesQuejas,fdeccab2-a629-491b-baa0-64e5eb0decff,https://metromalaga.sharepoint.com/sites/ConectaDEV/Lists/ReclamacionesQuejas,Descripción consulta,DescripcionConsulta,DescripcionConsulta,099c964a-3338-40c0-b571-313672565dde,text,False,False,False,False,False,,,,,,,,,,,,,,,,,,,
/sites/ConectaDEV,"metromalaga.sharepoint.com,26c2952e-cdd2-486f-aef3-b4feac1dd2b8,96adc88b-6e6f-4778-8583-2fcae8591186",ReclamacionesQuejas,ReclamacionesQuejas,fdeccab2-a629-491b-baa0-64e5eb0decff,https://metromalaga.sharepoint.com/sites/ConectaDEV/Lists/ReclamacionesQuejas,Destino,Destino,Destino,660e8995-0952-4baa-9d7d-d677fa148e9d,choice,False,False,False,False,False,,,Andalucía Tech|Atarazanas|Guadalmedina|Paraninfo|El Cónsul|Clínico|Universidad|Ciudad de la Justicia|Portada Alta|Carranque|Barbarela|La Unión|El Perchel|La Isla|Huelin-Princesa|El Torcal|La Luz- La Paz|Puerta Blanca|Palacio de los Deportes,False,dropDownMenu,,,,,,,,,,,,,,
/sites/ConectaDEV,"metromalaga.sharepoint.com,26c2952e-cdd2-486f-aef3-b4feac1dd2b8,96adc88b-6e6f-4778-8583-2fcae8591186",ReclamacionesQuejas,ReclamacionesQuejas,fdeccab2-a629-491b-baa0-64e5eb0decff,https://metromalaga.sharepoint.com/sites/ConectaDEV/Lists/ReclamacionesQuejas,Dirección,Direccion,Direccion,837ef83b-4981-47d4-bd46-1fdbc026c44c,text,False,False,False,False,False,,,,,,255.0,,,,,,,,,,,,,
/sites/ConectaDEV,"metromalaga.sharepoint.com,26c2952e-cdd2-486f-aef3-b4feac1dd2b8,96adc88b-6e6f-4778-8583-2fcae8591186",ReclamacionesQuejas,ReclamacionesQuejas,fdeccab2-a629-491b-baa0-64e5eb0decff,https://metromalaga.sharepoint.com/sites/ConectaDEV/Lists/ReclamacionesQuejas,Documentos anexados,DocumentosAnexados,DocumentosAnexados,e913b917-3ed9-4850-8ad0-a2536517f549,text,False,False,False,False,False,,,,,,255.0,,,,,,,,,,,,,
/sites/ConectaDEV,"metromalaga.sharepoint.com,26c2952e-cdd2-486f-aef3-b4feac1dd2b8,96adc88b-6e6f-4778-8583-2fcae8591186",ReclamacionesQuejas,ReclamacionesQuejas,fdeccab2-a629-491b-baa0-64e5eb0decff,https://metromalaga.sharepoint.com/sites/ConectaDEV/Lists/ReclamacionesQuejas,E-mail,CorreoElectronico,CorreoElectronico,38eb47b6-182b-4453-aecc-036475299cd1,text,False,False,False,False,False,,,,,,255.0,,,,,,,,,,,,,
/sites/ConectaDEV,"metromalaga.sharepoint.com,26c2952e-cdd2-486f-aef3-b4feac1dd2b8,96adc88b-6e6f-4778-8583-2fcae8591186",ReclamacionesQuejas,ReclamacionesQuejas,fdeccab2-a629-491b-baa0-64e5eb0decff,https://metromalaga.sharepoint.com/sites/ConectaDEV/Lists/ReclamacionesQuejas,Empleado,Empleado,Empleado,662512d4-108d-4d32-83dd-d38057eda423,choice,False,False,False,False,False,,,Antonia Bravo Mariscal|Eva Mª Luque Castrillo|Laura López García|Vanesa Adalid Comino|Sara Guevara Cubero|Alba Rodríguez Jiménez,False,dropDownMenu,,,,,,,,,,,,,,
/sites/ConectaDEV,"metromalaga.sharepoint.com,26c2952e-cdd2-486f-aef3-b4feac1dd2b8,96adc88b-6e6f-4778-8583-2fcae8591186",ReclamacionesQuejas,ReclamacionesQuejas,fdeccab2-a629-491b-baa0-64e5eb0decff,https://metromalaga.sharepoint.com/sites/ConectaDEV/Lists/ReclamacionesQuejas,Estado de la resolución,EstadoDeLaResolucion,EstadoDeLaResolucion,713a07c6-b68a-40ad-89ac-30bfd7c168b5,lookup,False,False,False,False,False,,,,,,,,,,,,7f060c85-5b41-4b6a-b557-ea552294f460,Title,False,,,,,
/sites/ConectaDEV,"metromalaga.sharepoint.com,26c2952e-cdd2-486f-aef3-b4feac1dd2b8,96adc88b-6e6f-4778-8583-2fcae8591186",ReclamacionesQuejas,ReclamacionesQuejas,fdeccab2-a629-491b-baa0-64e5eb0decff,https://metromalaga.sharepoint.com/sites/ConectaDEV/Lists/ReclamacionesQuejas,Fecha-Hora consulta,FechaYHoraConsulta,FechaYHoraConsulta,7b3808da-ebc8-473d-b7e1-68ef326ec0d2,dateTime,False,False,False,False,False,,,,,,,,,,default,dateTime,,,,,,,,
/sites/ConectaDEV,"metromalaga.sharepoint.com,26c2952e-cdd2-486f-aef3-b4feac1dd2b8,96adc88b-6e6f-4778-8583-2fcae8591186",ReclamacionesQuejas,ReclamacionesQuejas,fdeccab2-a629-491b-baa0-64e5eb0decff,https://metromalaga.sharepoint.com/sites/ConectaDEV/Lists/ReclamacionesQuejas,Fecha-Hora de respuesta,FechaYHoraRespuesta,FechaYHoraRespuesta,8b210890-abbe-403c-91d2-2102c2af6846,dateTime,False,False,False,False,False,,,,,,,,,,default,dateTime,,,,,,,,
/sites/ConectaDEV,"metromalaga.sharepoint.com,26c2952e-cdd2-486f-aef3-b4feac1dd2b8,96adc88b-6e6f-4778-8583-2fcae8591186",ReclamacionesQuejas,ReclamacionesQuejas,fdeccab2-a629-491b-baa0-64e5eb0decff,https://metromalaga.sharepoint.com/sites/ConectaDEV/Lists/ReclamacionesQuejas,Fecha-Hora registro,FechaYHoraRegistro,FechaYHoraRegistro,47a30793-f53d-4d77-8a44-88f2d8e996de,dateTime,False,False,False,False,False,,,,,,,,,,default,dateTime,,,,,,,,
/sites/ConectaDEV,"metromalaga.sharepoint.com,26c2952e-cdd2-486f-aef3-b4feac1dd2b8,96adc88b-6e6f-4778-8583-2fcae8591186",ReclamacionesQuejas,ReclamacionesQuejas,fdeccab2-a629-491b-baa0-64e5eb0decff,https://metromalaga.sharepoint.com/sites/ConectaDEV/Lists/ReclamacionesQuejas,ID Estación,IDEstacion,IDEstacion,d3002caa-3e1c-4d44-9071-47360a8bff11,lookup,False,False,False,False,False,,,,,,,,,,,,cb212625-5a79-4af3-9f4f-14b400f5e56c,Title,False,,,,,
/sites/ConectaDEV,"metromalaga.sharepoint.com,26c2952e-cdd2-486f-aef3-b4feac1dd2b8,96adc88b-6e6f-4778-8583-2fcae8591186",ReclamacionesQuejas,ReclamacionesQuejas,fdeccab2-a629-491b-baa0-64e5eb0decff,https://metromalaga.sharepoint.com/sites/ConectaDEV/Lists/ReclamacionesQuejas,Importe a pagar,ImporteAPagar,ImporteAPagar,7076ca8e-5b54-4158-9a39-a0221ef9e126,currency,False,False,False,False,False,,,,,,,,,,,,,,,,,,,
/sites/ConectaDEV,"metromalaga.sharepoint.com,26c2952e-cdd2-486f-aef3-b4feac1dd2b8,96adc88b-6e6f-4778-8583-2fcae8591186",ReclamacionesQuejas,ReclamacionesQuejas,fdeccab2-a629-491b-baa0-64e5eb0decff,https://metromalaga.sharepoint.com/sites/ConectaDEV/Lists/ReclamacionesQuejas,Importe efectuado,ImporteEfectuado,ImporteEfectuado,c3c680dd-6b7c-4827-9d04-b2a47811eb30,currency,False,False,False,False,False,,,,,,,,,,,,,,,,,,,
/sites/ConectaDEV,"metromalaga.sharepoint.com,26c2952e-cdd2-486f-aef3-b4feac1dd2b8,96adc88b-6e6f-4778-8583-2fcae8591186",ReclamacionesQuejas,ReclamacionesQuejas,fdeccab2-a629-491b-baa0-64e5eb0decff,https://metromalaga.sharepoint.com/sites/ConectaDEV/Lists/ReclamacionesQuejas,Localidad,Localidad,Localidad,d679dcfd-fec1-4e93-ae12-469df90b229b,text,False,False,False,False,False,,,,,,255.0,,,,,,,,,,,,,
/sites/ConectaDEV,"metromalaga.sharepoint.com,26c2952e-cdd2-486f-aef3-b4feac1dd2b8,96adc88b-6e6f-4778-8583-2fcae8591186",ReclamacionesQuejas,ReclamacionesQuejas,fdeccab2-a629-491b-baa0-64e5eb0decff,https://metromalaga.sharepoint.com/sites/ConectaDEV/Lists/ReclamacionesQuejas,Lugar,Lugar,Lugar,ee9ded57-8b5e-4796-bd49-00fbd7ff6263,choice,False,False,False,False,False,,,Andalucía Tech|Atarazanas|Guadalmedina|Paraninfo|El Cónsul|Clínico|Universidad|Ciudad de la Justicia|Portada Alta|Carranque|Barbarela|La Unión|El Perchel|La Isla|Huelin-Princesa|El Torcal|La Luz- La Paz|Puerta Blanca|Palacio de los Deportes,False,dropDownMenu,,,,,,,,,,,,,,
/sites/ConectaDEV,"metromalaga.sharepoint.com,26c2952e-cdd2-486f-aef3-b4feac1dd2b8,96adc88b-6e6f-4778-8583-2fcae8591186",ReclamacionesQuejas,ReclamacionesQuejas,fdeccab2-a629-491b-baa0-64e5eb0decff,https://metromalaga.sharepoint.com/sites/ConectaDEV/Lists/ReclamacionesQuejas,Nacionalidad,Nacionalidad,Nacionalidad,5420df68-174b-4fa9-ace6-5728fb68cd72,choice,False,False,False,False,False,,,"AFGANISTÁN|ÅLAND|ALBANIA|ALEMANIA|ANDORRA|ANGOLA|ANGUILA|ANTIGUA Y BARBUDA|ANTILLAS NEERLANDESAS|ARABIA SAUDITA|ARGELIA|ARGENTINA|ARMENIA|ARUBA|AUSTRALIA|AUSTRIA|AZERBAIYÁN|BAHAMAS|BARÉIN|BANGLADÉS|BARBADOS|BÉLGICA|BELICE|BENÍN|BERMUDAS|BIELORRUSIA|BIRMANIA|BOLIVIA|BOSNIA Y HERZEGOVINA|BOTSUANA|ISLA BOUVET|BRASIL|BRUNÉI|BULGARIA|BURKINA FASO|BURUNDI|BUTÁN|CABO VERDE|ISLAS CAIMÁN|CAMBOYA|CAMERÚN|CANADÁ|REPÚBLICA CENTROAFRICANA|CHAD|REPÚBLICA CHECA|CHILE|CHINA|COLOMBIA|COMORAS|REPÚBLICA DEL CONGO|REP. DEM. DEL CONGO|COREA DEL SUR|COSTA DE MARFIL|COSTA RICA|CROACIA|CUBA|DINAMARCA|DOMINICA|REPÚBLICA DOMINICANA|ECUADOR|EGIPTO|EL SALVADOR|ERITREA|ESCOCIA|ESLOVAQUIA|ESPAÑA|ESTADOS UNIDOS|ESTONIA|ETIOPÍA|ISLAS FEROE|FILIPINAS|FINLANDIA|FIYI|FRANCIA|GABÓN|GAMBIA|GEORGIA|GHANA|GIBRALTAR|GRANADA|GRECIA|GROENLANDIA|GUADALUPE|GUAM|GUATEMALA|GUAYANA FRANCESA|GUERNSEY|GUINEA|GUINEA ECUATORIAL|GUINEA-BISSAU|GUYANA|HAITÍ|ISLAS HEARD Y MCDONALD|HONDURAS|HONG KONG|HUNGRÍA|INDIA|INDONESIA|INGLATERRA|IRÁN|IRAK|IRLANDA|ISLANDIA|ISRAEL|ITALIA|JAMAICA|JAPÓN|JERSEY|JORDANIA|KAZAJISTÁN|KENIA|KIRGUISTÁN|KIRIBATI|KUWAIT|LAOS|LESOTO|LETONIA|LÍBANO|LIBERIA|LIBIA|LIECHTENSTEIN|LITUANIA|LUXEMBURGO|MACAO|REPÚBLICA DE MACEDONIA|MADAGASCAR|MALASIA|MALAUI|MALDIVAS|MALÍ|MALTA|ISLAS MALVINAS|ISLA DE MAN|ISLAS MARIANAS DEL NORTE|MARRUECOS|ISLAS MARSHALL|MARTINICA|MAURICIO|MAURITANIA|MAYOTTE|MÉXICO|MICRONESIA|MOLDAVIA|MÓNACO|MONGOLIA|MONTENEGRO|MONTSERRAT|MOZAMBIQUE|NAMIBIA|NAURU|ISLA DE NAVIDAD|NEPAL|NICARAGUA|NÍGER|NIGERIA|NIUE|NORFOLK|NORUEGA|NUEVA CALEDONIA|NUEVA ZELANDA|OMÁN|PAÍSES BAJOS|PAKISTÁN|PALAOS|AUTORIDAD NACIONAL PALESTINA|PANAMÁ|PAPÚA NUEVA GUINEA|PARAGUAY|PERÚ|ISLAS PITCAIRN|POLINESIA FRANCESA|POLONIA|PORTUGAL|PUERTO RICO|CATAR|REINO UNIDO|REUNIÓN|RUANDA|RUMANÍA|RUSIA|REPÚBLICA ÁRABE SAHARAUI DEMOCRÁTICA|ISLAS SALOMÓN|SAMOA|SAMOA ESTADOUNIDENSE|SAN BARTOLOMÉ|SAN CRISTÓBAL Y NIEVES|SAN MARINO|SAN MARTÍN|SAN PEDRO Y MIQUELÓN|SAN VICENTE Y LAS GRANADINAS|SANTA HELENA, A. Y T.|SANTA LUCÍA|SANTO TOMÉ Y PRÍNCIPE|SENEGAL|SERBIA|SEYCHELLES|SIERRA LEONA|SINGAPUR|SIRIA|SOMALIA|SRI LANKA|SUAZILANDIA|SUDÁFRICA|SUDÁN|SUECIA|SUIZA|SURINAM|SVALBARD Y JAN MAYEN|TAILANDIA|TAIWÁN|TANZANIA|TAYIKISTÁN|TERRITORIO BRITÁNICO DEL OCÉANO ÍNDICO|TERRITORIOS AUSTRALES FRANCESES|TIMOR ORIENTAL|TOGO|TOKELAU|TONGA|TRINIDAD Y TOBAGO|TÚNEZ|ISLAS TURCAS Y CAICOS|TURKMENISTÁN|TURQUÍA|TUVALU|UCRANIA|UGANDA|URUGUAY|UZBEKISTÁN|VANUATU|CIUDAD DEL VATICANO|VENEZUELA|VIETNAM|ISLAS VÍRGENES BRITÁNICAS|ISLAS VÍRGENES DE LOS ESTADOS UNIDOS|WALLIS Y FUTUNA|YEMEN|YIBUTI|ZAMBIA|ZIMBABUE",False,dropDownMenu,,,,,,,,,,,,,,
/sites/ConectaDEV,"metromalaga.sharepoint.com,26c2952e-cdd2-486f-aef3-b4feac1dd2b8,96adc88b-6e6f-4778-8583-2fcae8591186",ReclamacionesQuejas,ReclamacionesQuejas,fdeccab2-a629-491b-baa0-64e5eb0decff,https://metromalaga.sharepoint.com/sites/ConectaDEV/Lists/ReclamacionesQuejas,Nombre,Nombre,Nombre,283cf144-fc28-4286-80dc-908692c96fc7,text,False,False,False,False,False,,,,,,255.0,,,,,,,,,,,,,
/sites/ConectaDEV,"metromalaga.sharepoint.com,26c2952e-cdd2-486f-aef3-b4feac1dd2b8,96adc88b-6e6f-4778-8583-2fcae8591186",ReclamacionesQuejas,ReclamacionesQuejas,fdeccab2-a629-491b-baa0-64e5eb0decff,https://metromalaga.sharepoint.com/sites/ConectaDEV/Lists/ReclamacionesQuejas,NumSAP,NumSAP,NumSAP,662a51e7-b077-404b-8f5d-cb779862ede1,text,False,False,False,False,False,,,,,,255.0,,,,,,,,,,,,,
/sites/ConectaDEV,"metromalaga.sharepoint.com,26c2952e-cdd2-486f-aef3-b4feac1dd2b8,96adc88b-6e6f-4778-8583-2fcae8591186",ReclamacionesQuejas,ReclamacionesQuejas,fdeccab2-a629-491b-baa0-64e5eb0decff,https://metromalaga.sharepoint.com/sites/ConectaDEV/Lists/ReclamacionesQuejas,Nº billete/título,NBilleteTitulo,NBilleteTitulo,cc10628b-80f7-459f-b68e-770cf6c4f48f,text,False,False,False,False,False,,,,,,255.0,,,,,,,,,,,,,
/sites/ConectaDEV,"metromalaga.sharepoint.com,26c2952e-cdd2-486f-aef3-b4feac1dd2b8,96adc88b-6e6f-4778-8583-2fcae8591186",ReclamacionesQuejas,ReclamacionesQuejas,fdeccab2-a629-491b-baa0-64e5eb0decff,https://metromalaga.sharepoint.com/sites/ConectaDEV/Lists/ReclamacionesQuejas,Nº cliente/Nº tarjeta crédito,NClienteNTarjCredito,NClienteNTarjCredito,5b64ddd4-e859-4da1-90fc-00c012e1f510,text,False,False,False,False,False,,,,,,255.0,,,,,,,,,,,,,
/sites/ConectaDEV,"metromalaga.sharepoint.com,26c2952e-cdd2-486f-aef3-b4feac1dd2b8,96adc88b-6e6f-4778-8583-2fcae8591186",ReclamacionesQuejas,ReclamacionesQuejas,fdeccab2-a629-491b-baa0-64e5eb0decff,https://metromalaga.sharepoint.com/sites/ConectaDEV/Lists/ReclamacionesQuejas,Nº de documento,NumeroDeDocumento,NumeroDeDocumento,562e3e98-9c43-4d90-9b8b-69c6ad42d56f,text,False,False,False,False,False,,,,,,255.0,,,,,,,,,,,,,
/sites/ConectaDEV,"metromalaga.sharepoint.com,26c2952e-cdd2-486f-aef3-b4feac1dd2b8,96adc88b-6e6f-4778-8583-2fcae8591186",ReclamacionesQuejas,ReclamacionesQuejas,fdeccab2-a629-491b-baa0-64e5eb0decff,https://metromalaga.sharepoint.com/sites/ConectaDEV/Lists/ReclamacionesQuejas,Nº solicitud,Title,Title,fa564e0f-0c70-4ab9-b863-0177e6ddd247,text,True,False,False,False,False,,,,,,255.0,,,,,,,,,,,,,
/sites/ConectaDEV,"metromalaga.sharepoint.com,26c2952e-cdd2-486f-aef3-b4feac1dd2b8,96adc88b-6e6f-4778-8583-2fcae8591186",ReclamacionesQuejas,ReclamacionesQuejas,fdeccab2-a629-491b-baa0-64e5eb0decff,https://metromalaga.sharepoint.com/sites/ConectaDEV/Lists/ReclamacionesQuejas,Número,Numero,Numero,91b0007e-8c45-45be-a92c-3c5965078446,text,False,False,False,False,False,,,,,,255.0,,,,,,,,,,,,,
/sites/ConectaDEV,"metromalaga.sharepoint.com,26c2952e-cdd2-486f-aef3-b4feac1dd2b8,96adc88b-6e6f-4778-8583-2fcae8591186",ReclamacionesQuejas,ReclamacionesQuejas,fdeccab2-a629-491b-baa0-64e5eb0decff,https://metromalaga.sharepoint.com/sites/ConectaDEV/Lists/ReclamacionesQuejas,Observaciones,Observaciones,Observaciones,4897ff0f-b2f4-42a6-bbfa-e7065c680c4a,text,False,False,False,False,False,,,,,,,,,,,,,,,,,,,
/sites/ConectaDEV,"metromalaga.sharepoint.com,26c2952e-cdd2-486f-aef3-b4feac1dd2b8,96adc88b-6e6f-4778-8583-2fcae8591186",ReclamacionesQuejas,ReclamacionesQuejas,fdeccab2-a629-491b-baa0-64e5eb0decff,https://metromalaga.sharepoint.com/sites/ConectaDEV/Lists/ReclamacionesQuejas,Origen,Origen,Origen,7f7913d3-96bc-4775-abd1-7d65e552863e,choice,False,False,False,False,False,,,Andalucía Tech|Atarazanas|Guadalmedina|Paraninfo|El Cónsul|Clínico|Universidad|Ciudad de la Justicia|Portada Alta|Carranque|Barbarela|La Unión|El Perchel|La Isla|Huelin-Princesa|El Torcal|La Luz- La Paz|Puerta Blanca|Palacio de los Deportes,False,dropDownMenu,,,,,,,,,,,,,,
/sites/ConectaDEV,"metromalaga.sharepoint.com,26c2952e-cdd2-486f-aef3-b4feac1dd2b8,96adc88b-6e6f-4778-8583-2fcae8591186",ReclamacionesQuejas,ReclamacionesQuejas,fdeccab2-a629-491b-baa0-64e5eb0decff,https://metromalaga.sharepoint.com/sites/ConectaDEV/Lists/ReclamacionesQuejas,"Portal, piso",PortalPiso,PortalPiso,0811e513-8774-4ceb-9d07-e1a03def22b0,text,False,False,False,False,False,,,,,,255.0,,,,,,,,,,,,,
/sites/ConectaDEV,"metromalaga.sharepoint.com,26c2952e-cdd2-486f-aef3-b4feac1dd2b8,96adc88b-6e6f-4778-8583-2fcae8591186",ReclamacionesQuejas,ReclamacionesQuejas,fdeccab2-a629-491b-baa0-64e5eb0decff,https://metromalaga.sharepoint.com/sites/ConectaDEV/Lists/ReclamacionesQuejas,Punto de venta,PuntoDeVenta,PuntoDeVenta,6e3d3087-3372-4a7d-b3db-bd77f389be48,choice,False,False,False,False,False,,,Andalucía Tech|Atarazanas|Guadalmedina|Paraninfo|El Cónsul|Clínico|Universidad|Ciudad de la Justicia|Portada Alta|Carranque|Barbarela|La Unión|El Perchel|La Isla|Huelin-Princesa|El Torcal|La Luz- La Paz|Puerta Blanca|Palacio de los Deportes,False,dropDownMenu,,,,,,,,,,,,,,
/sites/ConectaDEV,"metromalaga.sharepoint.com,26c2952e-cdd2-486f-aef3-b4feac1dd2b8,96adc88b-6e6f-4778-8583-2fcae8591186",ReclamacionesQuejas,ReclamacionesQuejas,fdeccab2-a629-491b-baa0-64e5eb0decff,https://metromalaga.sharepoint.com/sites/ConectaDEV/Lists/ReclamacionesQuejas,Resolución,Resolucion,Resolucion,b4fffc0b-da13-4449-8c2a-0fc14c66155e,text,False,False,False,False,False,,,,,,,,,,,,,,,,,,,
/sites/ConectaDEV,"metromalaga.sharepoint.com,26c2952e-cdd2-486f-aef3-b4feac1dd2b8,96adc88b-6e6f-4778-8583-2fcae8591186",ReclamacionesQuejas,ReclamacionesQuejas,fdeccab2-a629-491b-baa0-64e5eb0decff,https://metromalaga.sharepoint.com/sites/ConectaDEV/Lists/ReclamacionesQuejas,Seguimiento,Seguimiento,Seguimiento,976fb2db-9f36-4fbc-bfb7-43247f95632c,text,False,False,False,False,False,,,,,,,,,,,,,,,,,,,
/sites/ConectaDEV,"metromalaga.sharepoint.com,26c2952e-cdd2-486f-aef3-b4feac1dd2b8,96adc88b-6e6f-4778-8583-2fcae8591186",ReclamacionesQuejas,ReclamacionesQuejas,fdeccab2-a629-491b-baa0-64e5eb0decff,https://metromalaga.sharepoint.com/sites/ConectaDEV/Lists/ReclamacionesQuejas,Seguimiento de Actuaciones,SeguimientoDeActuaciones,SeguimientoDeActuaciones,f272645b-d9dd-4215-bb02-d1cd4eb14b05,text,False,False,False,False,False,,,,,,,,,,,,,,,,,,,
/sites/ConectaDEV,"metromalaga.sharepoint.com,26c2952e-cdd2-486f-aef3-b4feac1dd2b8,96adc88b-6e6f-4778-8583-2fcae8591186",ReclamacionesQuejas,ReclamacionesQuejas,fdeccab2-a629-491b-baa0-64e5eb0decff,https://metromalaga.sharepoint.com/sites/ConectaDEV/Lists/ReclamacionesQuejas,Subtipología,Subtipologia,Subtipologia,65dcbb60-8b55-40aa-afc8-82bc7eae3281,lookup,False,False,False,False,False,,,,,,,,,,,,8338598b-e3f1-4b39-97ec-dd1df2a11804,Title,False,,,,,
/sites/ConectaDEV,"metromalaga.sharepoint.com,26c2952e-cdd2-486f-aef3-b4feac1dd2b8,96adc88b-6e6f-4778-8583-2fcae8591186",ReclamacionesQuejas,ReclamacionesQuejas,fdeccab2-a629-491b-baa0-64e5eb0decff,https://metromalaga.sharepoint.com/sites/ConectaDEV/Lists/ReclamacionesQuejas,Teléfono,Telefono,Telefono,b68962d0-faad-4452-b613-2ebbe2de6190,text,False,False,False,False,False,,,,,,255.0,,,,,,,,,,,,,
/sites/ConectaDEV,"metromalaga.sharepoint.com,26c2952e-cdd2-486f-aef3-b4feac1dd2b8,96adc88b-6e6f-4778-8583-2fcae8591186",ReclamacionesQuejas,ReclamacionesQuejas,fdeccab2-a629-491b-baa0-64e5eb0decff,https://metromalaga.sharepoint.com/sites/ConectaDEV/Lists/ReclamacionesQuejas,Tipo de contenido,ContentType,ContentType,c042a256-787d-4a6f-8a8a-cf6ab767f12d,unknown,False,False,False,False,False,,,,,,,,,,,,,,,,,,,
/sites/ConectaDEV,"metromalaga.sharepoint.com,26c2952e-cdd2-486f-aef3-b4feac1dd2b8,96adc88b-6e6f-4778-8583-2fcae8591186",ReclamacionesQuejas,ReclamacionesQuejas,fdeccab2-a629-491b-baa0-64e5eb0decff,https://metromalaga.sharepoint.com/sites/ConectaDEV/Lists/ReclamacionesQuejas,Tipo de documento,TipoDeDocumento,TipoDeDocumento,07858aa0-efdb-4c20-9651-9be11a4f7b97,choice,False,False,False,False,False,,,NIF|PAS|NIE,False,dropDownMenu,,,,,,,,,,,,,,
/sites/ConectaDEV,"metromalaga.sharepoint.com,26c2952e-cdd2-486f-aef3-b4feac1dd2b8,96adc88b-6e6f-4778-8583-2fcae8591186",ReclamacionesQuejas,ReclamacionesQuejas,fdeccab2-a629-491b-baa0-64e5eb0decff,https://metromalaga.sharepoint.com/sites/ConectaDEV/Lists/ReclamacionesQuejas,Tipo de instalación,TipoDeInstalacion,TipoDeInstalacion,77fbf369-aafc-4f5d-a6de-624b3eb0c4be,choice,False,False,False,False,False,,,DAB|Torno|Tren,False,dropDownMenu,,,,,,,,,,,,,,
/sites/ConectaDEV,"metromalaga.sharepoint.com,26c2952e-cdd2-486f-aef3-b4feac1dd2b8,96adc88b-6e6f-4778-8583-2fcae8591186",ReclamacionesQuejas,ReclamacionesQuejas,fdeccab2-a629-491b-baa0-64e5eb0decff,https://metromalaga.sharepoint.com/sites/ConectaDEV/Lists/ReclamacionesQuejas,Tipo de resolución,TipoResolucion,TipoResolucion,398048cb-30f7-4e01-9cb8-bc367b6cfe37,lookup,False,False,False,False,False,,,,,,,,,,,,0c854468-96e5-42f7-b9c4-2e5fd195006d,Title,False,,,,,
/sites/ConectaDEV,"metromalaga.sharepoint.com,26c2952e-cdd2-486f-aef3-b4feac1dd2b8,96adc88b-6e6f-4778-8583-2fcae8591186",ReclamacionesQuejas,ReclamacionesQuejas,fdeccab2-a629-491b-baa0-64e5eb0decff,https://metromalaga.sharepoint.com/sites/ConectaDEV/Lists/ReclamacionesQuejas,Tipo de título,TipoDeTitulo,TipoDeTitulo,9b3aff6f-6116-4361-b407-37c26ae572d6,choice,False,False,False,False,False,,,Ocasional MM|Monedero MM|Monedero Consorcio|Familia numerosa Consorcio,False,dropDownMenu,,,,,,,,,,,,,,
/sites/ConectaDEV,"metromalaga.sharepoint.com,26c2952e-cdd2-486f-aef3-b4feac1dd2b8,96adc88b-6e6f-4778-8583-2fcae8591186",ReclamacionesQuejas,ReclamacionesQuejas,fdeccab2-a629-491b-baa0-64e5eb0decff,https://metromalaga.sharepoint.com/sites/ConectaDEV/Lists/ReclamacionesQuejas,Tipología,Tipologia,Tipologia,2f34bec1-f30b-4407-9c3f-75c96a42fa17,lookup,False,False,False,False,False,,,,,,,,,,,,fef791fe-8d19-40b6-a870-616aa3710e0d,Title,False,,,,,
/sites/ConectaDEV,"metromalaga.sharepoint.com,26c2952e-cdd2-486f-aef3-b4feac1dd2b8,96adc88b-6e6f-4778-8583-2fcae8591186",ReclamacionesQuejas,ReclamacionesQuejas,fdeccab2-a629-491b-baa0-64e5eb0decff,https://metromalaga.sharepoint.com/sites/ConectaDEV/Lists/ReclamacionesQuejas,Visto bueno personal MM,VistoBuenoPersonalMM,VistoBuenoPersonalMM,48a8ae1b-dad0-41cb-a9b5-e9234785c8df,boolean,False,False,False,False,False,0,,,,,,,,,,,,,,,,,,
/sites/ConectaDEV,"metromalaga.sharepoint.com,26c2952e-cdd2-486f-aef3-b4feac1dd2b8,96adc88b-6e6f-4778-8583-2fcae8591186",ReclamacionesQuejas,ReclamacionesQuejas,fdeccab2-a629-491b-baa0-64e5eb0decff,https://metromalaga.sharepoint.com/sites/ConectaDEV/Lists/ReclamacionesQuejas,Aplicación creada por,AppAuthor,AppAuthor,6bfaba20-36bf-44b5-a1b2-eb6346d49716,lookup,False,False,True,False,False,,,,,,,,,,,,AppPrincipals,Title,False,,,,,
/sites/ConectaDEV,"metromalaga.sharepoint.com,26c2952e-cdd2-486f-aef3-b4feac1dd2b8,96adc88b-6e6f-4778-8583-2fcae8591186",ReclamacionesQuejas,ReclamacionesQuejas,fdeccab2-a629-491b-baa0-64e5eb0decff,https://metromalaga.sharepoint.com/sites/ConectaDEV/Lists/ReclamacionesQuejas,Aplicación modificada por,AppEditor,AppEditor,e08400f3-c779-4ed2-a18c-ab7f34caa318,lookup,False,False,True,False,False,,,,,,,,,,,,AppPrincipals,Title,False,,,,,
/sites/ConectaDEV,"metromalaga.sharepoint.com,26c2952e-cdd2-486f-aef3-b4feac1dd2b8,96adc88b-6e6f-4778-8583-2fcae8591186",ReclamacionesQuejas,ReclamacionesQuejas,fdeccab2-a629-491b-baa0-64e5eb0decff,https://metromalaga.sharepoint.com/sites/ConectaDEV/Lists/ReclamacionesQuejas,Configuración de la etiqueta,_ComplianceFlags,_ComplianceFlags,ccc1037f-f65e-434a-868e-8c98af31fe29,lookup,False,False,True,False,False,,,,,,,,,,,,,ComplianceFlags,False,,,,,
/sites/ConectaDEV,"metromalaga.sharepoint.com,26c2952e-cdd2-486f-aef3-b4feac1dd2b8,96adc88b-6e6f-4778-8583-2fcae8591186",ReclamacionesQuejas,ReclamacionesQuejas,fdeccab2-a629-491b-baa0-64e5eb0decff,https://metromalaga.sharepoint.com/sites/ConectaDEV/Lists/ReclamacionesQuejas,Creado,Created,Created,8c06beca-0777-48f7-91c7-6da68bc07b69,dateTime,False,False,True,False,False,,,,,,,,,,default,dateTime,,,,,,,,
/sites/ConectaDEV,"metromalaga.sharepoint.com,26c2952e-cdd2-486f-aef3-b4feac1dd2b8,96adc88b-6e6f-4778-8583-2fcae8591186",ReclamacionesQuejas,ReclamacionesQuejas,fdeccab2-a629-491b-baa0-64e5eb0decff,https://metromalaga.sharepoint.com/sites/ConectaDEV/Lists/ReclamacionesQuejas,Creado por,Author,Author,1df5e554-ec7e-46a6-901d-d85a3881cb18,personOrGroup,False,False,True,False,False,,,,,,,,,,,,,,,False,peopleAndGroups,nameWithPresence,,
/sites/ConectaDEV,"metromalaga.sharepoint.com,26c2952e-cdd2-486f-aef3-b4feac1dd2b8,96adc88b-6e6f-4778-8583-2fcae8591186",ReclamacionesQuejas,ReclamacionesQuejas,fdeccab2-a629-491b-baa0-64e5eb0decff,https://metromalaga.sharepoint.com/sites/ConectaDEV/Lists/ReclamacionesQuejas,Editar,Edit,Edit,503f1caa-358e-4918-9094-4a2cdc4bc034,unknown,False,False,True,False,False,,,,,,,,,,,,,,,,,,,
/sites/ConectaDEV,"metromalaga.sharepoint.com,26c2952e-cdd2-486f-aef3-b4feac1dd2b8,96adc88b-6e6f-4778-8583-2fcae8591186",ReclamacionesQuejas,ReclamacionesQuejas,fdeccab2-a629-491b-baa0-64e5eb0decff,https://metromalaga.sharepoint.com/sites/ConectaDEV/Lists/ReclamacionesQuejas,El elemento es un registro,_IsRecord,_IsRecord,8382d247-72a9-44b1-9794-7b177edc89f3,unknown,False,False,True,False,False,,,,,,,,,,,,,,,,,,,
/sites/ConectaDEV,"metromalaga.sharepoint.com,26c2952e-cdd2-486f-aef3-b4feac1dd2b8,96adc88b-6e6f-4778-8583-2fcae8591186",ReclamacionesQuejas,ReclamacionesQuejas,fdeccab2-a629-491b-baa0-64e5eb0decff,https://metromalaga.sharepoint.com/sites/ConectaDEV/Lists/ReclamacionesQuejas,Etiqueta de color,_ColorTag,_ColorTag,76d13cd2-1bae-45a5-8b74-545b87b65037,text,False,False,True,False,False,,,,,,255.0,,,,,,,,,,,,,
/sites/ConectaDEV,"metromalaga.sharepoint.com,26c2952e-cdd2-486f-aef3-b4feac1dd2b8,96adc88b-6e6f-4778-8583-2fcae8591186",ReclamacionesQuejas,ReclamacionesQuejas,fdeccab2-a629-491b-baa0-64e5eb0decff,https://metromalaga.sharepoint.com/sites/ConectaDEV/Lists/ReclamacionesQuejas,Etiqueta de retención,_ComplianceTag,_ComplianceTag,d4b6480a-4bed-4094-9a52-30181ea38f1d,lookup,False,False,True,False,False,,,,,,,,,,,,,ComplianceTag,False,,,,,
/sites/ConectaDEV,"metromalaga.sharepoint.com,26c2952e-cdd2-486f-aef3-b4feac1dd2b8,96adc88b-6e6f-4778-8583-2fcae8591186",ReclamacionesQuejas,ReclamacionesQuejas,fdeccab2-a629-491b-baa0-64e5eb0decff,https://metromalaga.sharepoint.com/sites/ConectaDEV/Lists/ReclamacionesQuejas,Etiqueta de retención aplicada,_ComplianceTagWrittenTime,_ComplianceTagWrittenTime,92be610e-ddbb-49f4-b3b1-5c2bc768df8f,lookup,False,False,True,False,False,,,,,,,,,,,,,ComplianceTagWrittenTime,False,,,,,
/sites/ConectaDEV,"metromalaga.sharepoint.com,26c2952e-cdd2-486f-aef3-b4feac1dd2b8,96adc88b-6e6f-4778-8583-2fcae8591186",ReclamacionesQuejas,ReclamacionesQuejas,fdeccab2-a629-491b-baa0-64e5eb0decff,https://metromalaga.sharepoint.com/sites/ConectaDEV/Lists/ReclamacionesQuejas,ID,ID,ID,1d22ea11-1e32-424e-89ab-9fedbadb6ce1,unknown,False,False,True,False,False,,,,,,,,,,,,,,,,,,,
/sites/ConectaDEV,"metromalaga.sharepoint.com,26c2952e-cdd2-486f-aef3-b4feac1dd2b8,96adc88b-6e6f-4778-8583-2fcae8591186",ReclamacionesQuejas,ReclamacionesQuejas,fdeccab2-a629-491b-baa0-64e5eb0decff,https://metromalaga.sharepoint.com/sites/ConectaDEV/Lists/ReclamacionesQuejas,Id. de activo de cumplimiento normativo,ComplianceAssetId,ComplianceAssetId,3a6b296c-3f50-445c-a13f-9c679ea9dda3,text,False,False,True,False,False,,,,,,255.0,,,,,,,,,,,,,
/sites/ConectaDEV,"metromalaga.sharepoint.com,26c2952e-cdd2-486f-aef3-b4feac1dd2b8,96adc88b-6e6f-4778-8583-2fcae8591186",ReclamacionesQuejas,ReclamacionesQuejas,fdeccab2-a629-491b-baa0-64e5eb0decff,https://metromalaga.sharepoint.com/sites/ConectaDEV/Lists/ReclamacionesQuejas,Modificado,Modified,Modified,28cf69c5-fa48-462a-b5cd-27b6f9d2bd5f,dateTime,False,False,True,False,False,,,,,,,,,,default,dateTime,,,,,,,,
/sites/ConectaDEV,"metromalaga.sharepoint.com,26c2952e-cdd2-486f-aef3-b4feac1dd2b8,96adc88b-6e6f-4778-8583-2fcae8591186",ReclamacionesQuejas,ReclamacionesQuejas,fdeccab2-a629-491b-baa0-64e5eb0decff,https://metromalaga.sharepoint.com/sites/ConectaDEV/Lists/ReclamacionesQuejas,Modificado por,Editor,Editor,d31655d1-1d5b-4511-95a1-7a09e9b75bf2,personOrGroup,False,False,True,False,False,,,,,,,,,,,,,,,False,peopleAndGroups,nameWithPresence,,
/sites/ConectaDEV,"metromalaga.sharepoint.com,26c2952e-cdd2-486f-aef3-b4feac1dd2b8,96adc88b-6e6f-4778-8583-2fcae8591186",ReclamacionesQuejas,ReclamacionesQuejas,fdeccab2-a629-491b-baa0-64e5eb0decff,https://metromalaga.sharepoint.com/sites/ConectaDEV/Lists/ReclamacionesQuejas,Nº solicitud,LinkTitleNoMenu,LinkTitleNoMenu,bc91a437-52e7-49e1-8c4e-4698904b2b6d,unknown,False,False,True,False,False,,,,,,,,,,,,,,,,,,,
/sites/ConectaDEV,"metromalaga.sharepoint.com,26c2952e-cdd2-486f-aef3-b4feac1dd2b8,96adc88b-6e6f-4778-8583-2fcae8591186",ReclamacionesQuejas,ReclamacionesQuejas,fdeccab2-a629-491b-baa0-64e5eb0decff,https://metromalaga.sharepoint.com/sites/ConectaDEV/Lists/ReclamacionesQuejas,Nº solicitud,LinkTitle,LinkTitle,82642ec8-ef9b-478f-acf9-31f7d45fbc31,unknown,False,False,True,False,False,,,,,,,,,,,,,,,,,,,
/sites/ConectaDEV,"metromalaga.sharepoint.com,26c2952e-cdd2-486f-aef3-b4feac1dd2b8,96adc88b-6e6f-4778-8583-2fcae8591186",ReclamacionesQuejas,ReclamacionesQuejas,fdeccab2-a629-491b-baa0-64e5eb0decff,https://metromalaga.sharepoint.com/sites/ConectaDEV/Lists/ReclamacionesQuejas,Número secundario de elemento,ItemChildCount,ItemChildCount,b824e17e-a1b3-426e-aecf-f0184d900485,lookup,False,False,True,False,False,,,,,,,,,,,,,ItemChildCount,False,,,,,
/sites/ConectaDEV,"metromalaga.sharepoint.com,26c2952e-cdd2-486f-aef3-b4feac1dd2b8,96adc88b-6e6f-4778-8583-2fcae8591186",ReclamacionesQuejas,ReclamacionesQuejas,fdeccab2-a629-491b-baa0-64e5eb0decff,https://metromalaga.sharepoint.com/sites/ConectaDEV/Lists/ReclamacionesQuejas,Recuento secundario de carpetas,FolderChildCount,FolderChildCount,960ff01f-2b6d-4f1b-9c3f-e19ad8927341,lookup,False,False,True,False,False,,,,,,,,,,,,,FolderChildCount,False,,,,,
/sites/ConectaDEV,"metromalaga.sharepoint.com,26c2952e-cdd2-486f-aef3-b4feac1dd2b8,96adc88b-6e6f-4778-8583-2fcae8591186",ReclamacionesQuejas,ReclamacionesQuejas,fdeccab2-a629-491b-baa0-64e5eb0decff,https://metromalaga.sharepoint.com/sites/ConectaDEV/Lists/ReclamacionesQuejas,Tipo,DocIcon,DocIcon,081c6e4c-5c14-4f20-b23e-1a71ceb6a67c,unknown,False,False,True,False,False,,,,,,,,,,,,,,,,,,,
/sites/ConectaDEV,"metromalaga.sharepoint.com,26c2952e-cdd2-486f-aef3-b4feac1dd2b8,96adc88b-6e6f-4778-8583-2fcae8591186",ReclamacionesQuejas,ReclamacionesQuejas,fdeccab2-a629-491b-baa0-64e5eb0decff,https://metromalaga.sharepoint.com/sites/ConectaDEV/Lists/ReclamacionesQuejas,Usuario que ha aplicado la etiqueta:,_ComplianceTagUserId,_ComplianceTagUserId,418d7676-2d6f-42cf-a16a-e43d2971252a,lookup,False,False,True,False,False,,,,,,,,,,,,,ComplianceTagUserId,False,,,,,
/sites/ConectaDEV,"metromalaga.sharepoint.com,26c2952e-cdd2-486f-aef3-b4feac1dd2b8,96adc88b-6e6f-4778-8583-2fcae8591186",ReclamacionesQuejas,ReclamacionesQuejas,fdeccab2-a629-491b-baa0-64e5eb0decff,https://metromalaga.sharepoint.com/sites/ConectaDEV/Lists/ReclamacionesQuejas,Versión,_UIVersionString,_UIVersionString,dce8262a-3ae9-45aa-aab4-83bd75fb738a,text,False,False,True,False,False,,,,,,255.0,,,,,,,,,,,,,
/sites/ConectaDEV,"metromalaga.sharepoint.com,26c2952e-cdd2-486f-aef3-b4feac1dd2b8,96adc88b-6e6f-4778-8583-2fcae8591186",Sugerencias,Sugerencias,a2a9f8ee-5a02-4eff-b176-ddfb401dc637,https://metromalaga.sharepoint.com/sites/ConectaDEV/Lists/Sugerencias,Apellidos,Apellidos,Apellidos,0b1ed7f5-f466-4610-9f41-fd8c92b4c7e7,text,False,False,False,False,False,,,,,,255.0,,,,,,,,,,,,,
/sites/ConectaDEV,"metromalaga.sharepoint.com,26c2952e-cdd2-486f-aef3-b4feac1dd2b8,96adc88b-6e6f-4778-8583-2fcae8591186",Sugerencias,Sugerencias,a2a9f8ee-5a02-4eff-b176-ddfb401dc637,https://metromalaga.sharepoint.com/sites/ConectaDEV/Lists/Sugerencias,CP,CP,CP,3f6a1bc9-6c46-4ed0-971b-f3918b7389ee,text,False,False,False,False,False,,,,,,255.0,,,,,,,,,,,,,
/sites/ConectaDEV,"metromalaga.sharepoint.com,26c2952e-cdd2-486f-aef3-b4feac1dd2b8,96adc88b-6e6f-4778-8583-2fcae8591186",Sugerencias,Sugerencias,a2a9f8ee-5a02-4eff-b176-ddfb401dc637,https://metromalaga.sharepoint.com/sites/ConectaDEV/Lists/Sugerencias,Datos adjuntos,Attachments,Attachments,67df98f4-9dec-48ff-a553-29bece9c5bf4,unknown,False,False,False,False,False,,,,,,,,,,,,,,,,,,,
/sites/ConectaDEV,"metromalaga.sharepoint.com,26c2952e-cdd2-486f-aef3-b4feac1dd2b8,96adc88b-6e6f-4778-8583-2fcae8591186",Sugerencias,Sugerencias,a2a9f8ee-5a02-4eff-b176-ddfb401dc637,https://metromalaga.sharepoint.com/sites/ConectaDEV/Lists/Sugerencias,Descripcion,Descripcion,Descripcion,652a6efb-232d-4251-9e4d-e54825774feb,text,False,False,False,False,False,,,,,,,,,,,,,,,,,,,
/sites/ConectaDEV,"metromalaga.sharepoint.com,26c2952e-cdd2-486f-aef3-b4feac1dd2b8,96adc88b-6e6f-4778-8583-2fcae8591186",Sugerencias,Sugerencias,a2a9f8ee-5a02-4eff-b176-ddfb401dc637,https://metromalaga.sharepoint.com/sites/ConectaDEV/Lists/Sugerencias,Dirección,Direccion,Direccion,837ef83b-4981-47d4-bd46-1fdbc026c44c,text,False,False,False,False,False,,,,,,255.0,,,,,,,,,,,,,
/sites/ConectaDEV,"metromalaga.sharepoint.com,26c2952e-cdd2-486f-aef3-b4feac1dd2b8,96adc88b-6e6f-4778-8583-2fcae8591186",Sugerencias,Sugerencias,a2a9f8ee-5a02-4eff-b176-ddfb401dc637,https://metromalaga.sharepoint.com/sites/ConectaDEV/Lists/Sugerencias,E-mail,CorreoElectronico,CorreoElectronico,38eb47b6-182b-4453-aecc-036475299cd1,text,False,False,False,False,False,,,,,,255.0,,,,,,,,,,,,,
/sites/ConectaDEV,"metromalaga.sharepoint.com,26c2952e-cdd2-486f-aef3-b4feac1dd2b8,96adc88b-6e6f-4778-8583-2fcae8591186",Sugerencias,Sugerencias,a2a9f8ee-5a02-4eff-b176-ddfb401dc637,https://metromalaga.sharepoint.com/sites/ConectaDEV/Lists/Sugerencias,Escalera,Escalera,Escalera,4e467279-c40a-4c8b-b9e0-d9737b5e4621,text,False,False,False,False,False,,,,,,255.0,,,,,,,,,,,,,
/sites/ConectaDEV,"metromalaga.sharepoint.com,26c2952e-cdd2-486f-aef3-b4feac1dd2b8,96adc88b-6e6f-4778-8583-2fcae8591186",Sugerencias,Sugerencias,a2a9f8ee-5a02-4eff-b176-ddfb401dc637,https://metromalaga.sharepoint.com/sites/ConectaDEV/Lists/Sugerencias,Estacion,Estacion,Estacion,7c2e5f3f-5b54-4492-9c3a-d81dd5d3558a,choice,False,False,False,False,False,General / Ninguna específica,,General / Ninguna específica|Cualquiera de Línea 1|Guadalmedina|Atarazanas|Andalucía Tech|Carranque|Barbarela|El Clínico|La Unión|Universidad|Ciudad de la Justicia|El Cónsul|El Perchel|Paraninfo|Portada Alta|Cualquiera de Línea 2|Guadalmedina|La Luz - La Paz|La Isla|El Perchel|Puerta Blanca|Princesa - Huelin|El Torcal|Palacio de los Deportes|Toda la red de Metro Málaga|Interior del tren|Otra ubicación,False,dropDownMenu,,,,,,,,,,,,,,
/sites/ConectaDEV,"metromalaga.sharepoint.com,26c2952e-cdd2-486f-aef3-b4feac1dd2b8,96adc88b-6e6f-4778-8583-2fcae8591186",Sugerencias,Sugerencias,a2a9f8ee-5a02-4eff-b176-ddfb401dc637,https://metromalaga.sharepoint.com/sites/ConectaDEV/Lists/Sugerencias,EstadoCliente,EstadoCliente,EstadoCliente,282d82ee-026c-4ea8-9fe9-3d130f55959c,choice,False,False,False,False,False,En trámite,,En trámite|Resuelta aceptada|Resuelta gestionada|Resuelta denegada,False,dropDownMenu,,,,,,,,,,,,,,
/sites/ConectaDEV,"metromalaga.sharepoint.com,26c2952e-cdd2-486f-aef3-b4feac1dd2b8,96adc88b-6e6f-4778-8583-2fcae8591186",Sugerencias,Sugerencias,a2a9f8ee-5a02-4eff-b176-ddfb401dc637,https://metromalaga.sharepoint.com/sites/ConectaDEV/Lists/Sugerencias,FechaModificacionEstadoCliente,FechaModificacionEstadoCliente,FechaModificacionEstadoCliente,15721df4-7768-402c-8619-b29d2abe438c,dateTime,False,False,False,False,False,[today],,,,,,,,,standard,dateTime,,,,,,,,
/sites/ConectaDEV,"metromalaga.sharepoint.com,26c2952e-cdd2-486f-aef3-b4feac1dd2b8,96adc88b-6e6f-4778-8583-2fcae8591186",Sugerencias,Sugerencias,a2a9f8ee-5a02-4eff-b176-ddfb401dc637,https://metromalaga.sharepoint.com/sites/ConectaDEV/Lists/Sugerencias,Localidad,Localidad,Localidad,d679dcfd-fec1-4e93-ae12-469df90b229b,text,False,False,False,False,False,,,,,,255.0,,,,,,,,,,,,,
/sites/ConectaDEV,"metromalaga.sharepoint.com,26c2952e-cdd2-486f-aef3-b4feac1dd2b8,96adc88b-6e6f-4778-8583-2fcae8591186",Sugerencias,Sugerencias,a2a9f8ee-5a02-4eff-b176-ddfb401dc637,https://metromalaga.sharepoint.com/sites/ConectaDEV/Lists/Sugerencias,Nacionalidad,Nacionalidad,Nacionalidad,5420df68-174b-4fa9-ace6-5728fb68cd72,choice,False,False,False,False,False,,,"AFGANISTÁN|ÅLAND|ALBANIA|ALEMANIA|ANDORRA|ANGOLA|ANGUILA|ANTIGUA Y BARBUDA|ANTILLAS NEERLANDESAS|ARABIA SAUDITA|ARGELIA|ARGENTINA|ARMENIA|ARUBA|AUSTRALIA|AUSTRIA|AZERBAIYÁN|BAHAMAS|BARÉIN|BANGLADÉS|BARBADOS|BÉLGICA|BELICE|BENÍN|BERMUDAS|BIELORRUSIA|BIRMANIA|BOLIVIA|BOSNIA Y HERZEGOVINA|BOTSUANA|ISLA BOUVET|BRASIL|BRUNÉI|BULGARIA|BURKINA FASO|BURUNDI|BUTÁN|CABO VERDE|ISLAS CAIMÁN|CAMBOYA|CAMERÚN|CANADÁ|REPÚBLICA CENTROAFRICANA|CHAD|REPÚBLICA CHECA|CHILE|CHINA|COLOMBIA|COMORAS|REPÚBLICA DEL CONGO|REP. DEM. DEL CONGO|COREA DEL SUR|COSTA DE MARFIL|COSTA RICA|CROACIA|CUBA|DINAMARCA|DOMINICA|REPÚBLICA DOMINICANA|ECUADOR|EGIPTO|EL SALVADOR|ERITREA|ESCOCIA|ESLOVAQUIA|ESPAÑA|ESTADOS UNIDOS|ESTONIA|ETIOPÍA|ISLAS FEROE|FILIPINAS|FINLANDIA|FIYI|FRANCIA|GABÓN|GAMBIA|GEORGIA|GHANA|GIBRALTAR|GRANADA|GRECIA|GROENLANDIA|GUADALUPE|GUAM|GUATEMALA|GUAYANA FRANCESA|GUERNSEY|GUINEA|GUINEA ECUATORIAL|GUINEA-BISSAU|GUYANA|HAITÍ|ISLAS HEARD Y MCDONALD|HONDURAS|HONG KONG|HUNGRÍA|INDIA|INDONESIA|INGLATERRA|IRÁN|IRAK|IRLANDA|ISLANDIA|ISRAEL|ITALIA|JAMAICA|JAPÓN|JERSEY|JORDANIA|KAZAJISTÁN|KENIA|KIRGUISTÁN|KIRIBATI|KUWAIT|LAOS|LESOTO|LETONIA|LÍBANO|LIBERIA|LIBIA|LIECHTENSTEIN|LITUANIA|LUXEMBURGO|MACAO|REPÚBLICA DE MACEDONIA|MADAGASCAR|MALASIA|MALAUI|MALDIVAS|MALÍ|MALTA|ISLAS MALVINAS|ISLA DE MAN|ISLAS MARIANAS DEL NORTE|MARRUECOS|ISLAS MARSHALL|MARTINICA|MAURICIO|MAURITANIA|MAYOTTE|MÉXICO|MICRONESIA|MOLDAVIA|MÓNACO|MONGOLIA|MONTENEGRO|MONTSERRAT|MOZAMBIQUE|NAMIBIA|NAURU|ISLA DE NAVIDAD|NEPAL|NICARAGUA|NÍGER|NIGERIA|NIUE|NORFOLK|NORUEGA|NUEVA CALEDONIA|NUEVA ZELANDA|OMÁN|PAÍSES BAJOS|PAKISTÁN|PALAOS|AUTORIDAD NACIONAL PALESTINA|PANAMÁ|PAPÚA NUEVA GUINEA|PARAGUAY|PERÚ|ISLAS PITCAIRN|POLINESIA FRANCESA|POLONIA|PORTUGAL|PUERTO RICO|CATAR|REINO UNIDO|REUNIÓN|RUANDA|RUMANÍA|RUSIA|REPÚBLICA ÁRABE SAHARAUI DEMOCRÁTICA|ISLAS SALOMÓN|SAMOA|SAMOA ESTADOUNIDENSE|SAN BARTOLOMÉ|SAN CRISTÓBAL Y NIEVES|SAN MARINO|SAN MARTÍN|SAN PEDRO Y MIQUELÓN|SAN VICENTE Y LAS GRANADINAS|SANTA HELENA, A. Y T.|SANTA LUCÍA|SANTO TOMÉ Y PRÍNCIPE|SENEGAL|SERBIA|SEYCHELLES|SIERRA LEONA|SINGAPUR|SIRIA|SOMALIA|SRI LANKA|SUAZILANDIA|SUDÁFRICA|SUDÁN|SUECIA|SUIZA|SURINAM|SVALBARD Y JAN MAYEN|TAILANDIA|TAIWÁN|TANZANIA|TAYIKISTÁN|TERRITORIO BRITÁNICO DEL OCÉANO ÍNDICO|TERRITORIOS AUSTRALES FRANCESES|TIMOR ORIENTAL|TOGO|TOKELAU|TONGA|TRINIDAD Y TOBAGO|TÚNEZ|ISLAS TURCAS Y CAICOS|TURKMENISTÁN|TURQUÍA|TUVALU|UCRANIA|UGANDA|URUGUAY|UZBEKISTÁN|VANUATU|CIUDAD DEL VATICANO|VENEZUELA|VIETNAM|ISLAS VÍRGENES BRITÁNICAS|ISLAS VÍRGENES DE LOS ESTADOS UNIDOS|WALLIS Y FUTUNA|YEMEN|YIBUTI|ZAMBIA|ZIMBABUE",False,dropDownMenu,,,,,,,,,,,,,,
/sites/ConectaDEV,"metromalaga.sharepoint.com,26c2952e-cdd2-486f-aef3-b4feac1dd2b8,96adc88b-6e6f-4778-8583-2fcae8591186",Sugerencias,Sugerencias,a2a9f8ee-5a02-4eff-b176-ddfb401dc637,https://metromalaga.sharepoint.com/sites/ConectaDEV/Lists/Sugerencias,Nombre,Nombre,Nombre,283cf144-fc28-4286-80dc-908692c96fc7,text,False,False,False,False,False,,,,,,255.0,,,,,,,,,,,,,
/sites/ConectaDEV,"metromalaga.sharepoint.com,26c2952e-cdd2-486f-aef3-b4feac1dd2b8,96adc88b-6e6f-4778-8583-2fcae8591186",Sugerencias,Sugerencias,a2a9f8ee-5a02-4eff-b176-ddfb401dc637,https://metromalaga.sharepoint.com/sites/ConectaDEV/Lists/Sugerencias,NumTituloViaje,NumTituloViaje,NumTituloViaje,872aa7a4-22ce-4344-9d9e-39110cefcd5a,text,False,False,False,False,False,,,,,,255.0,,,,,,,,,,,,,
/sites/ConectaDEV,"metromalaga.sharepoint.com,26c2952e-cdd2-486f-aef3-b4feac1dd2b8,96adc88b-6e6f-4778-8583-2fcae8591186",Sugerencias,Sugerencias,a2a9f8ee-5a02-4eff-b176-ddfb401dc637,https://metromalaga.sharepoint.com/sites/ConectaDEV/Lists/Sugerencias,Nº de documento,NumeroDeDocumento,NumeroDeDocumento,562e3e98-9c43-4d90-9b8b-69c6ad42d56f,text,False,False,False,False,False,,,,,,255.0,,,,,,,,,,,,,
/sites/ConectaDEV,"metromalaga.sharepoint.com,26c2952e-cdd2-486f-aef3-b4feac1dd2b8,96adc88b-6e6f-4778-8583-2fcae8591186",Sugerencias,Sugerencias,a2a9f8ee-5a02-4eff-b176-ddfb401dc637,https://metromalaga.sharepoint.com/sites/ConectaDEV/Lists/Sugerencias,Nº solicitud,Title,Title,fa564e0f-0c70-4ab9-b863-0177e6ddd247,text,True,False,False,False,False,,,,,,255.0,,,,,,,,,,,,,
/sites/ConectaDEV,"metromalaga.sharepoint.com,26c2952e-cdd2-486f-aef3-b4feac1dd2b8,96adc88b-6e6f-4778-8583-2fcae8591186",Sugerencias,Sugerencias,a2a9f8ee-5a02-4eff-b176-ddfb401dc637,https://metromalaga.sharepoint.com/sites/ConectaDEV/Lists/Sugerencias,Número,Numero,Numero,91b0007e-8c45-45be-a92c-3c5965078446,text,False,False,False,False,False,,,,,,255.0,,,,,,,,,,,,,
/sites/ConectaDEV,"metromalaga.sharepoint.com,26c2952e-cdd2-486f-aef3-b4feac1dd2b8,96adc88b-6e6f-4778-8583-2fcae8591186",Sugerencias,Sugerencias,a2a9f8ee-5a02-4eff-b176-ddfb401dc637,https://metromalaga.sharepoint.com/sites/ConectaDEV/Lists/Sugerencias,OtraUbicacion,OtraUbicacion,OtraUbicacion,a5869efe-a15b-41a2-ab71-54af3d1f4cbc,text,False,False,False,False,False,,,,,,255.0,,,,,,,,,,,,,
/sites/ConectaDEV,"metromalaga.sharepoint.com,26c2952e-cdd2-486f-aef3-b4feac1dd2b8,96adc88b-6e6f-4778-8583-2fcae8591186",Sugerencias,Sugerencias,a2a9f8ee-5a02-4eff-b176-ddfb401dc637,https://metromalaga.sharepoint.com/sites/ConectaDEV/Lists/Sugerencias,Piso,Piso,Piso,6ac840cd-2157-430e-b42d-d1b36c063e10,text,False,False,False,False,False,,,,,,255.0,,,,,,,,,,,,,
/sites/ConectaDEV,"metromalaga.sharepoint.com,26c2952e-cdd2-486f-aef3-b4feac1dd2b8,96adc88b-6e6f-4778-8583-2fcae8591186",Sugerencias,Sugerencias,a2a9f8ee-5a02-4eff-b176-ddfb401dc637,https://metromalaga.sharepoint.com/sites/ConectaDEV/Lists/Sugerencias,Provincia,Provincia,Provincia,5585d907-2320-4970-b940-ec517fc4c080,text,False,False,False,False,False,,,,,,255.0,,,,,,,,,,,,,
/sites/ConectaDEV,"metromalaga.sharepoint.com,26c2952e-cdd2-486f-aef3-b4feac1dd2b8,96adc88b-6e6f-4778-8583-2fcae8591186",Sugerencias,Sugerencias,a2a9f8ee-5a02-4eff-b176-ddfb401dc637,https://metromalaga.sharepoint.com/sites/ConectaDEV/Lists/Sugerencias,Puerta,Puerta,Puerta,26ac12f9-f19d-4a3c-8331-68ed372a23ee,text,False,False,False,False,False,,,,,,255.0,,,,,,,,,,,,,
/sites/ConectaDEV,"metromalaga.sharepoint.com,26c2952e-cdd2-486f-aef3-b4feac1dd2b8,96adc88b-6e6f-4778-8583-2fcae8591186",Sugerencias,Sugerencias,a2a9f8ee-5a02-4eff-b176-ddfb401dc637,https://metromalaga.sharepoint.com/sites/ConectaDEV/Lists/Sugerencias,Teléfono,Telefono,Telefono,b68962d0-faad-4452-b613-2ebbe2de6190,text,False,False,False,False,False,,,,,,255.0,,,,,,,,,,,,,
/sites/ConectaDEV,"metromalaga.sharepoint.com,26c2952e-cdd2-486f-aef3-b4feac1dd2b8,96adc88b-6e6f-4778-8583-2fcae8591186",Sugerencias,Sugerencias,a2a9f8ee-5a02-4eff-b176-ddfb401dc637,https://metromalaga.sharepoint.com/sites/ConectaDEV/Lists/Sugerencias,Tipo de contenido,ContentType,ContentType,c042a256-787d-4a6f-8a8a-cf6ab767f12d,unknown,False,False,False,False,False,,,,,,,,,,,,,,,,,,,
/sites/ConectaDEV,"metromalaga.sharepoint.com,26c2952e-cdd2-486f-aef3-b4feac1dd2b8,96adc88b-6e6f-4778-8583-2fcae8591186",Sugerencias,Sugerencias,a2a9f8ee-5a02-4eff-b176-ddfb401dc637,https://metromalaga.sharepoint.com/sites/ConectaDEV/Lists/Sugerencias,Tipo de documento,TipoDeDocumento,TipoDeDocumento,07858aa0-efdb-4c20-9651-9be11a4f7b97,choice,False,False,False,False,False,,,NIF|PAS|NIE,False,dropDownMenu,,,,,,,,,,,,,,
/sites/ConectaDEV,"metromalaga.sharepoint.com,26c2952e-cdd2-486f-aef3-b4feac1dd2b8,96adc88b-6e6f-4778-8583-2fcae8591186",Sugerencias,Sugerencias,a2a9f8ee-5a02-4eff-b176-ddfb401dc637,https://metromalaga.sharepoint.com/sites/ConectaDEV/Lists/Sugerencias,Tipo de título,TipoDeTitulo,TipoDeTitulo,9b3aff6f-6116-4361-b407-37c26ae572d6,choice,False,False,False,False,False,,,Monedero Metro Málaga|Ocasional Metro de Málaga|Tarjeta MásMetro|Tarjeta Monedero Consorcio de Transportes de Andalucía|Tarjeta Consorcio de Transportes de Andalucía Joven|Tarjeta Consorcio de Transportes de Andalucía Familia Numerosa|Validación con sistema EMV (Tarjeta de Crédito/Débito física no registrada)|Validación con sistema EMV móvil (Tarjeta de Crédito/Débito con NFC móvil no registrada)|Validación con ABT (Tarjeta de Crédito/Débito registrada en MetroPay),False,dropDownMenu,,,,,,,,,,,,,,
/sites/ConectaDEV,"metromalaga.sharepoint.com,26c2952e-cdd2-486f-aef3-b4feac1dd2b8,96adc88b-6e6f-4778-8583-2fcae8591186",Sugerencias,Sugerencias,a2a9f8ee-5a02-4eff-b176-ddfb401dc637,https://metromalaga.sharepoint.com/sites/ConectaDEV/Lists/Sugerencias,Aplicación creada por,AppAuthor,AppAuthor,6bfaba20-36bf-44b5-a1b2-eb6346d49716,lookup,False,False,True,False,False,,,,,,,,,,,,AppPrincipals,Title,False,,,,,
/sites/ConectaDEV,"metromalaga.sharepoint.com,26c2952e-cdd2-486f-aef3-b4feac1dd2b8,96adc88b-6e6f-4778-8583-2fcae8591186",Sugerencias,Sugerencias,a2a9f8ee-5a02-4eff-b176-ddfb401dc637,https://metromalaga.sharepoint.com/sites/ConectaDEV/Lists/Sugerencias,Aplicación modificada por,AppEditor,AppEditor,e08400f3-c779-4ed2-a18c-ab7f34caa318,lookup,False,False,True,False,False,,,,,,,,,,,,AppPrincipals,Title,False,,,,,
/sites/ConectaDEV,"metromalaga.sharepoint.com,26c2952e-cdd2-486f-aef3-b4feac1dd2b8,96adc88b-6e6f-4778-8583-2fcae8591186",Sugerencias,Sugerencias,a2a9f8ee-5a02-4eff-b176-ddfb401dc637,https://metromalaga.sharepoint.com/sites/ConectaDEV/Lists/Sugerencias,Configuración de la etiqueta,_ComplianceFlags,_ComplianceFlags,ccc1037f-f65e-434a-868e-8c98af31fe29,lookup,False,False,True,False,False,,,,,,,,,,,,,ComplianceFlags,False,,,,,
/sites/ConectaDEV,"metromalaga.sharepoint.com,26c2952e-cdd2-486f-aef3-b4feac1dd2b8,96adc88b-6e6f-4778-8583-2fcae8591186",Sugerencias,Sugerencias,a2a9f8ee-5a02-4eff-b176-ddfb401dc637,https://metromalaga.sharepoint.com/sites/ConectaDEV/Lists/Sugerencias,Creado,Created,Created,8c06beca-0777-48f7-91c7-6da68bc07b69,dateTime,False,False,True,False,False,,,,,,,,,,default,dateTime,,,,,,,,
/sites/ConectaDEV,"metromalaga.sharepoint.com,26c2952e-cdd2-486f-aef3-b4feac1dd2b8,96adc88b-6e6f-4778-8583-2fcae8591186",Sugerencias,Sugerencias,a2a9f8ee-5a02-4eff-b176-ddfb401dc637,https://metromalaga.sharepoint.com/sites/ConectaDEV/Lists/Sugerencias,Creado por,Author,Author,1df5e554-ec7e-46a6-901d-d85a3881cb18,personOrGroup,False,False,True,False,False,,,,,,,,,,,,,,,False,peopleAndGroups,nameWithPresence,,
/sites/ConectaDEV,"metromalaga.sharepoint.com,26c2952e-cdd2-486f-aef3-b4feac1dd2b8,96adc88b-6e6f-4778-8583-2fcae8591186",Sugerencias,Sugerencias,a2a9f8ee-5a02-4eff-b176-ddfb401dc637,https://metromalaga.sharepoint.com/sites/ConectaDEV/Lists/Sugerencias,Editar,Edit,Edit,503f1caa-358e-4918-9094-4a2cdc4bc034,unknown,False,False,True,False,False,,,,,,,,,,,,,,,,,,,
/sites/ConectaDEV,"metromalaga.sharepoint.com,26c2952e-cdd2-486f-aef3-b4feac1dd2b8,96adc88b-6e6f-4778-8583-2fcae8591186",Sugerencias,Sugerencias,a2a9f8ee-5a02-4eff-b176-ddfb401dc637,https://metromalaga.sharepoint.com/sites/ConectaDEV/Lists/Sugerencias,El elemento es un registro,_IsRecord,_IsRecord,8382d247-72a9-44b1-9794-7b177edc89f3,unknown,False,False,True,False,False,,,,,,,,,,,,,,,,,,,
/sites/ConectaDEV,"metromalaga.sharepoint.com,26c2952e-cdd2-486f-aef3-b4feac1dd2b8,96adc88b-6e6f-4778-8583-2fcae8591186",Sugerencias,Sugerencias,a2a9f8ee-5a02-4eff-b176-ddfb401dc637,https://metromalaga.sharepoint.com/sites/ConectaDEV/Lists/Sugerencias,Etiqueta de color,_ColorTag,_ColorTag,76d13cd2-1bae-45a5-8b74-545b87b65037,text,False,False,True,False,False,,,,,,255.0,,,,,,,,,,,,,
/sites/ConectaDEV,"metromalaga.sharepoint.com,26c2952e-cdd2-486f-aef3-b4feac1dd2b8,96adc88b-6e6f-4778-8583-2fcae8591186",Sugerencias,Sugerencias,a2a9f8ee-5a02-4eff-b176-ddfb401dc637,https://metromalaga.sharepoint.com/sites/ConectaDEV/Lists/Sugerencias,Etiqueta de retención,_ComplianceTag,_ComplianceTag,d4b6480a-4bed-4094-9a52-30181ea38f1d,lookup,False,False,True,False,False,,,,,,,,,,,,,ComplianceTag,False,,,,,
/sites/ConectaDEV,"metromalaga.sharepoint.com,26c2952e-cdd2-486f-aef3-b4feac1dd2b8,96adc88b-6e6f-4778-8583-2fcae8591186",Sugerencias,Sugerencias,a2a9f8ee-5a02-4eff-b176-ddfb401dc637,https://metromalaga.sharepoint.com/sites/ConectaDEV/Lists/Sugerencias,Etiqueta de retención aplicada,_ComplianceTagWrittenTime,_ComplianceTagWrittenTime,92be610e-ddbb-49f4-b3b1-5c2bc768df8f,lookup,False,False,True,False,False,,,,,,,,,,,,,ComplianceTagWrittenTime,False,,,,,
/sites/ConectaDEV,"metromalaga.sharepoint.com,26c2952e-cdd2-486f-aef3-b4feac1dd2b8,96adc88b-6e6f-4778-8583-2fcae8591186",Sugerencias,Sugerencias,a2a9f8ee-5a02-4eff-b176-ddfb401dc637,https://metromalaga.sharepoint.com/sites/ConectaDEV/Lists/Sugerencias,ID,ID,ID,1d22ea11-1e32-424e-89ab-9fedbadb6ce1,unknown,False,False,True,False,False,,,,,,,,,,,,,,,,,,,
/sites/ConectaDEV,"metromalaga.sharepoint.com,26c2952e-cdd2-486f-aef3-b4feac1dd2b8,96adc88b-6e6f-4778-8583-2fcae8591186",Sugerencias,Sugerencias,a2a9f8ee-5a02-4eff-b176-ddfb401dc637,https://metromalaga.sharepoint.com/sites/ConectaDEV/Lists/Sugerencias,Id. de activo de cumplimiento normativo,ComplianceAssetId,ComplianceAssetId,3a6b296c-3f50-445c-a13f-9c679ea9dda3,text,False,False,True,False,False,,,,,,255.0,,,,,,,,,,,,,
/sites/ConectaDEV,"metromalaga.sharepoint.com,26c2952e-cdd2-486f-aef3-b4feac1dd2b8,96adc88b-6e6f-4778-8583-2fcae8591186",Sugerencias,Sugerencias,a2a9f8ee-5a02-4eff-b176-ddfb401dc637,https://metromalaga.sharepoint.com/sites/ConectaDEV/Lists/Sugerencias,Modificado,Modified,Modified,28cf69c5-fa48-462a-b5cd-27b6f9d2bd5f,dateTime,False,False,True,False,False,,,,,,,,,,default,dateTime,,,,,,,,
/sites/ConectaDEV,"metromalaga.sharepoint.com,26c2952e-cdd2-486f-aef3-b4feac1dd2b8,96adc88b-6e6f-4778-8583-2fcae8591186",Sugerencias,Sugerencias,a2a9f8ee-5a02-4eff-b176-ddfb401dc637,https://metromalaga.sharepoint.com/sites/ConectaDEV/Lists/Sugerencias,Modificado por,Editor,Editor,d31655d1-1d5b-4511-95a1-7a09e9b75bf2,personOrGroup,False,False,True,False,False,,,,,,,,,,,,,,,False,peopleAndGroups,nameWithPresence,,
/sites/ConectaDEV,"metromalaga.sharepoint.com,26c2952e-cdd2-486f-aef3-b4feac1dd2b8,96adc88b-6e6f-4778-8583-2fcae8591186",Sugerencias,Sugerencias,a2a9f8ee-5a02-4eff-b176-ddfb401dc637,https://metromalaga.sharepoint.com/sites/ConectaDEV/Lists/Sugerencias,Nº solicitud,LinkTitleNoMenu,LinkTitleNoMenu,bc91a437-52e7-49e1-8c4e-4698904b2b6d,unknown,False,False,True,False,False,,,,,,,,,,,,,,,,,,,
/sites/ConectaDEV,"metromalaga.sharepoint.com,26c2952e-cdd2-486f-aef3-b4feac1dd2b8,96adc88b-6e6f-4778-8583-2fcae8591186",Sugerencias,Sugerencias,a2a9f8ee-5a02-4eff-b176-ddfb401dc637,https://metromalaga.sharepoint.com/sites/ConectaDEV/Lists/Sugerencias,Nº solicitud,LinkTitle,LinkTitle,82642ec8-ef9b-478f-acf9-31f7d45fbc31,unknown,False,False,True,False,False,,,,,,,,,,,,,,,,,,,
/sites/ConectaDEV,"metromalaga.sharepoint.com,26c2952e-cdd2-486f-aef3-b4feac1dd2b8,96adc88b-6e6f-4778-8583-2fcae8591186",Sugerencias,Sugerencias,a2a9f8ee-5a02-4eff-b176-ddfb401dc637,https://metromalaga.sharepoint.com/sites/ConectaDEV/Lists/Sugerencias,Número secundario de elemento,ItemChildCount,ItemChildCount,b824e17e-a1b3-426e-aecf-f0184d900485,lookup,False,False,True,False,False,,,,,,,,,,,,,ItemChildCount,False,,,,,
/sites/ConectaDEV,"metromalaga.sharepoint.com,26c2952e-cdd2-486f-aef3-b4feac1dd2b8,96adc88b-6e6f-4778-8583-2fcae8591186",Sugerencias,Sugerencias,a2a9f8ee-5a02-4eff-b176-ddfb401dc637,https://metromalaga.sharepoint.com/sites/ConectaDEV/Lists/Sugerencias,Recuento secundario de carpetas,FolderChildCount,FolderChildCount,960ff01f-2b6d-4f1b-9c3f-e19ad8927341,lookup,False,False,True,False,False,,,,,,,,,,,,,FolderChildCount,False,,,,,
/sites/ConectaDEV,"metromalaga.sharepoint.com,26c2952e-cdd2-486f-aef3-b4feac1dd2b8,96adc88b-6e6f-4778-8583-2fcae8591186",Sugerencias,Sugerencias,a2a9f8ee-5a02-4eff-b176-ddfb401dc637,https://metromalaga.sharepoint.com/sites/ConectaDEV/Lists/Sugerencias,Tipo,DocIcon,DocIcon,081c6e4c-5c14-4f20-b23e-1a71ceb6a67c,unknown,False,False,True,False,False,,,,,,,,,,,,,,,,,,,
/sites/ConectaDEV,"metromalaga.sharepoint.com,26c2952e-cdd2-486f-aef3-b4feac1dd2b8,96adc88b-6e6f-4778-8583-2fcae8591186",Sugerencias,Sugerencias,a2a9f8ee-5a02-4eff-b176-ddfb401dc637,https://metromalaga.sharepoint.com/sites/ConectaDEV/Lists/Sugerencias,Usuario que ha aplicado la etiqueta:,_ComplianceTagUserId,_ComplianceTagUserId,418d7676-2d6f-42cf-a16a-e43d2971252a,lookup,False,False,True,False,False,,,,,,,,,,,,,ComplianceTagUserId,False,,,,,
/sites/ConectaDEV,"metromalaga.sharepoint.com,26c2952e-cdd2-486f-aef3-b4feac1dd2b8,96adc88b-6e6f-4778-8583-2fcae8591186",Sugerencias,Sugerencias,a2a9f8ee-5a02-4eff-b176-ddfb401dc637,https://metromalaga.sharepoint.com/sites/ConectaDEV/Lists/Sugerencias,Versión,_UIVersionString,_UIVersionString,dce8262a-3ae9-45aa-aab4-83bd75fb738a,text,False,False,True,False,False,,,,,,255.0,,,,,,,,,,,,,
/sites/TarjetaMasMetro,"metromalaga.sharepoint.com,206dd0c4-67de-4325-be71-659bf3e50733,6f734dcb-6f39-4945-80a2-eba176892ca1",ClientesTarjetaMetro,ClientesTarjetaMetro,c415af98-8039-4daf-b1d8-cf07190e9c62,https://metromalaga.sharepoint.com/sites/TarjetaMasMetro/Lists/ClientesTarjetaMetro,ApellidoCliente1,ApellidoCliente1,ApellidoCliente1,7f272451-af7c-443d-8b4a-73d20958fbc3,text,False,False,False,False,False,,,,,,255.0,,,,,,,,,,,,,
/sites/TarjetaMasMetro,"metromalaga.sharepoint.com,206dd0c4-67de-4325-be71-659bf3e50733,6f734dcb-6f39-4945-80a2-eba176892ca1",ClientesTarjetaMetro,ClientesTarjetaMetro,c415af98-8039-4daf-b1d8-cf07190e9c62,https://metromalaga.sharepoint.com/sites/TarjetaMasMetro/Lists/ClientesTarjetaMetro,ApellidoCliente2,ApellidoCliente2,ApellidoCliente2,8978b843-15b7-400f-8d7d-db6e4df6e33b,text,False,False,False,False,False,,,,,,255.0,,,,,,,,,,,,,
/sites/TarjetaMasMetro,"metromalaga.sharepoint.com,206dd0c4-67de-4325-be71-659bf3e50733,6f734dcb-6f39-4945-80a2-eba176892ca1",ClientesTarjetaMetro,ClientesTarjetaMetro,c415af98-8039-4daf-b1d8-cf07190e9c62,https://metromalaga.sharepoint.com/sites/TarjetaMasMetro/Lists/ClientesTarjetaMetro,ApellidoRep1,ApellidoRep1,ApellidoRep1,4a30d1e7-c123-44a6-a815-96f43dd28541,text,False,False,False,False,False,,,,,,255.0,,,,,,,,,,,,,
/sites/TarjetaMasMetro,"metromalaga.sharepoint.com,206dd0c4-67de-4325-be71-659bf3e50733,6f734dcb-6f39-4945-80a2-eba176892ca1",ClientesTarjetaMetro,ClientesTarjetaMetro,c415af98-8039-4daf-b1d8-cf07190e9c62,https://metromalaga.sharepoint.com/sites/TarjetaMasMetro/Lists/ClientesTarjetaMetro,ApellidoRep2,ApellidoRep2,ApellidoRep2,bc0741cd-e137-4924-9f13-4b203f785a0a,text,False,False,False,False,False,,,,,,255.0,,,,,,,,,,,,,
/sites/TarjetaMasMetro,"metromalaga.sharepoint.com,206dd0c4-67de-4325-be71-659bf3e50733,6f734dcb-6f39-4945-80a2-eba176892ca1",ClientesTarjetaMetro,ClientesTarjetaMetro,c415af98-8039-4daf-b1d8-cf07190e9c62,https://metromalaga.sharepoint.com/sites/TarjetaMasMetro/Lists/ClientesTarjetaMetro,DNICliente,DNICliente,DNICliente,cfa99fd0-08c3-4f8a-9cdc-921d8461ae2a,text,False,False,False,False,False,,,,,,255.0,,,,,,,,,,,,,
/sites/TarjetaMasMetro,"metromalaga.sharepoint.com,206dd0c4-67de-4325-be71-659bf3e50733,6f734dcb-6f39-4945-80a2-eba176892ca1",ClientesTarjetaMetro,ClientesTarjetaMetro,c415af98-8039-4daf-b1d8-cf07190e9c62,https://metromalaga.sharepoint.com/sites/TarjetaMasMetro/Lists/ClientesTarjetaMetro,DNIRep,DNIRep,DNIRep,d5e8aa14-8a94-4189-963b-913d67ebd7bd,text,False,False,False,False,False,,,,,,255.0,,,,,,,,,,,,,
/sites/TarjetaMasMetro,"metromalaga.sharepoint.com,206dd0c4-67de-4325-be71-659bf3e50733,6f734dcb-6f39-4945-80a2-eba176892ca1",ClientesTarjetaMetro,ClientesTarjetaMetro,c415af98-8039-4daf-b1d8-cf07190e9c62,https://metromalaga.sharepoint.com/sites/TarjetaMasMetro/Lists/ClientesTarjetaMetro,Datos adjuntos,Attachments,Attachments,67df98f4-9dec-48ff-a553-29bece9c5bf4,unknown,False,False,False,False,False,,,,,,,,,,,,,,,,,,,
/sites/TarjetaMasMetro,"metromalaga.sharepoint.com,206dd0c4-67de-4325-be71-659bf3e50733,6f734dcb-6f39-4945-80a2-eba176892ca1",ClientesTarjetaMetro,ClientesTarjetaMetro,c415af98-8039-4daf-b1d8-cf07190e9c62,https://metromalaga.sharepoint.com/sites/TarjetaMasMetro/Lists/ClientesTarjetaMetro,EmailCliente,EmailCliente,EmailCliente,d32fa7fa-8baa-4dc7-8471-8d22d893ae2f,text,False,False,False,False,False,,,,,,255.0,,,,,,,,,,,,,
/sites/TarjetaMasMetro,"metromalaga.sharepoint.com,206dd0c4-67de-4325-be71-659bf3e50733,6f734dcb-6f39-4945-80a2-eba176892ca1",ClientesTarjetaMetro,ClientesTarjetaMetro,c415af98-8039-4daf-b1d8-cf07190e9c62,https://metromalaga.sharepoint.com/sites/TarjetaMasMetro/Lists/ClientesTarjetaMetro,EmailRep,EmailRep,EmailRep,630d5edf-17c8-4f23-ba77-b67f6c4e9115,text,False,False,False,False,False,,,,,,255.0,,,,,,,,,,,,,
/sites/TarjetaMasMetro,"metromalaga.sharepoint.com,206dd0c4-67de-4325-be71-659bf3e50733,6f734dcb-6f39-4945-80a2-eba176892ca1",ClientesTarjetaMetro,ClientesTarjetaMetro,c415af98-8039-4daf-b1d8-cf07190e9c62,https://metromalaga.sharepoint.com/sites/TarjetaMasMetro/Lists/ClientesTarjetaMetro,Firma,Firma,Firma,9480aa2a-bbfa-4e4e-8fcb-f34775e0a8d1,text,False,False,False,False,False,,,,,,,,,,,,,,,,,,,
/sites/TarjetaMasMetro,"metromalaga.sharepoint.com,206dd0c4-67de-4325-be71-659bf3e50733,6f734dcb-6f39-4945-80a2-eba176892ca1",ClientesTarjetaMetro,ClientesTarjetaMetro,c415af98-8039-4daf-b1d8-cf07190e9c62,https://metromalaga.sharepoint.com/sites/TarjetaMasMetro/Lists/ClientesTarjetaMetro,MetodoNotificacion,MetodoNotificacion,MetodoNotificacion,f1b4534f-6fd6-432a-b01e-f41c3795e13e,choice,False,False,False,False,False,Correo,,Correo|Impresión,False,dropDownMenu,,,,,,,,,,,,,,
/sites/TarjetaMasMetro,"metromalaga.sharepoint.com,206dd0c4-67de-4325-be71-659bf3e50733,6f734dcb-6f39-4945-80a2-eba176892ca1",ClientesTarjetaMetro,ClientesTarjetaMetro,c415af98-8039-4daf-b1d8-cf07190e9c62,https://metromalaga.sharepoint.com/sites/TarjetaMasMetro/Lists/ClientesTarjetaMetro,NombreCliente,NombreCliente,NombreCliente,af7f16d1-0d78-4def-9bcc-597fbd412edc,text,False,False,False,False,False,,,,,,255.0,,,,,,,,,,,,,
/sites/TarjetaMasMetro,"metromalaga.sharepoint.com,206dd0c4-67de-4325-be71-659bf3e50733,6f734dcb-6f39-4945-80a2-eba176892ca1",ClientesTarjetaMetro,ClientesTarjetaMetro,c415af98-8039-4daf-b1d8-cf07190e9c62,https://metromalaga.sharepoint.com/sites/TarjetaMasMetro/Lists/ClientesTarjetaMetro,NombreRep,NombreRep,NombreRep,78f4b2a6-287d-476f-9899-c312e722d312,text,False,False,False,False,False,,,,,,255.0,,,,,,,,,,,,,
/sites/TarjetaMasMetro,"metromalaga.sharepoint.com,206dd0c4-67de-4325-be71-659bf3e50733,6f734dcb-6f39-4945-80a2-eba176892ca1",ClientesTarjetaMetro,ClientesTarjetaMetro,c415af98-8039-4daf-b1d8-cf07190e9c62,https://metromalaga.sharepoint.com/sites/TarjetaMasMetro/Lists/ClientesTarjetaMetro,TelefonoCliente1,TelefonoCliente1,TelefonoCliente1,25e0b305-9163-48e5-9c33-85db8239bbed,text,False,False,False,False,False,,,,,,255.0,,,,,,,,,,,,,
/sites/TarjetaMasMetro,"metromalaga.sharepoint.com,206dd0c4-67de-4325-be71-659bf3e50733,6f734dcb-6f39-4945-80a2-eba176892ca1",ClientesTarjetaMetro,ClientesTarjetaMetro,c415af98-8039-4daf-b1d8-cf07190e9c62,https://metromalaga.sharepoint.com/sites/TarjetaMasMetro/Lists/ClientesTarjetaMetro,TelefonoCliente2,TelefonoCliente2,TelefonoCliente2,a972d188-12bf-4499-a4e1-5f27f788163e,text,False,False,False,False,False,,,,,,255.0,,,,,,,,,,,,,
/sites/TarjetaMasMetro,"metromalaga.sharepoint.com,206dd0c4-67de-4325-be71-659bf3e50733,6f734dcb-6f39-4945-80a2-eba176892ca1",ClientesTarjetaMetro,ClientesTarjetaMetro,c415af98-8039-4daf-b1d8-cf07190e9c62,https://metromalaga.sharepoint.com/sites/TarjetaMasMetro/Lists/ClientesTarjetaMetro,TelefonoRep1,TelefonoRep1,TelefonoRep1,93d9147d-b5af-4628-868c-c5192d85559c,text,False,False,False,False,False,,,,,,255.0,,,,,,,,,,,,,
/sites/TarjetaMasMetro,"metromalaga.sharepoint.com,206dd0c4-67de-4325-be71-659bf3e50733,6f734dcb-6f39-4945-80a2-eba176892ca1",ClientesTarjetaMetro,ClientesTarjetaMetro,c415af98-8039-4daf-b1d8-cf07190e9c62,https://metromalaga.sharepoint.com/sites/TarjetaMasMetro/Lists/ClientesTarjetaMetro,TelefonoRep2,TelefonoRep2,TelefonoRep2,c7236d49-3532-41a4-ac5d-7ea87a59b202,text,False,False,False,False,False,,,,,,255.0,,,,,,,,,,,,,
/sites/TarjetaMasMetro,"metromalaga.sharepoint.com,206dd0c4-67de-4325-be71-659bf3e50733,6f734dcb-6f39-4945-80a2-eba176892ca1",ClientesTarjetaMetro,ClientesTarjetaMetro,c415af98-8039-4daf-b1d8-cf07190e9c62,https://metromalaga.sharepoint.com/sites/TarjetaMasMetro/Lists/ClientesTarjetaMetro,Tipo de contenido,ContentType,ContentType,c042a256-787d-4a6f-8a8a-cf6ab767f12d,unknown,False,False,False,False,False,,,,,,,,,,,,,,,,,,,
/sites/TarjetaMasMetro,"metromalaga.sharepoint.com,206dd0c4-67de-4325-be71-659bf3e50733,6f734dcb-6f39-4945-80a2-eba176892ca1",ClientesTarjetaMetro,ClientesTarjetaMetro,c415af98-8039-4daf-b1d8-cf07190e9c62,https://metromalaga.sharepoint.com/sites/TarjetaMasMetro/Lists/ClientesTarjetaMetro,Título,Title,Title,fa564e0f-0c70-4ab9-b863-0177e6ddd247,text,False,False,False,False,False,,,,,,255.0,,,,,,,,,,,,,
/sites/TarjetaMasMetro,"metromalaga.sharepoint.com,206dd0c4-67de-4325-be71-659bf3e50733,6f734dcb-6f39-4945-80a2-eba176892ca1",ClientesTarjetaMetro,ClientesTarjetaMetro,c415af98-8039-4daf-b1d8-cf07190e9c62,https://metromalaga.sharepoint.com/sites/TarjetaMasMetro/Lists/ClientesTarjetaMetro,Aplicación creada por,AppAuthor,AppAuthor,6bfaba20-36bf-44b5-a1b2-eb6346d49716,lookup,False,False,True,False,False,,,,,,,,,,,,AppPrincipals,Title,False,,,,,
/sites/TarjetaMasMetro,"metromalaga.sharepoint.com,206dd0c4-67de-4325-be71-659bf3e50733,6f734dcb-6f39-4945-80a2-eba176892ca1",ClientesTarjetaMetro,ClientesTarjetaMetro,c415af98-8039-4daf-b1d8-cf07190e9c62,https://metromalaga.sharepoint.com/sites/TarjetaMasMetro/Lists/ClientesTarjetaMetro,Aplicación modificada por,AppEditor,AppEditor,e08400f3-c779-4ed2-a18c-ab7f34caa318,lookup,False,False,True,False,False,,,,,,,,,,,,AppPrincipals,Title,False,,,,,
/sites/TarjetaMasMetro,"metromalaga.sharepoint.com,206dd0c4-67de-4325-be71-659bf3e50733,6f734dcb-6f39-4945-80a2-eba176892ca1",ClientesTarjetaMetro,ClientesTarjetaMetro,c415af98-8039-4daf-b1d8-cf07190e9c62,https://metromalaga.sharepoint.com/sites/TarjetaMasMetro/Lists/ClientesTarjetaMetro,Configuración de la etiqueta,_ComplianceFlags,_ComplianceFlags,ccc1037f-f65e-434a-868e-8c98af31fe29,lookup,False,False,True,False,False,,,,,,,,,,,,,ComplianceFlags,False,,,,,
/sites/TarjetaMasMetro,"metromalaga.sharepoint.com,206dd0c4-67de-4325-be71-659bf3e50733,6f734dcb-6f39-4945-80a2-eba176892ca1",ClientesTarjetaMetro,ClientesTarjetaMetro,c415af98-8039-4daf-b1d8-cf07190e9c62,https://metromalaga.sharepoint.com/sites/TarjetaMasMetro/Lists/ClientesTarjetaMetro,Creado,Created,Created,8c06beca-0777-48f7-91c7-6da68bc07b69,dateTime,False,False,True,False,False,,,,,,,,,,default,dateTime,,,,,,,,
/sites/TarjetaMasMetro,"metromalaga.sharepoint.com,206dd0c4-67de-4325-be71-659bf3e50733,6f734dcb-6f39-4945-80a2-eba176892ca1",ClientesTarjetaMetro,ClientesTarjetaMetro,c415af98-8039-4daf-b1d8-cf07190e9c62,https://metromalaga.sharepoint.com/sites/TarjetaMasMetro/Lists/ClientesTarjetaMetro,Creado por,Author,Author,1df5e554-ec7e-46a6-901d-d85a3881cb18,personOrGroup,False,False,True,False,False,,,,,,,,,,,,,,,False,peopleAndGroups,nameWithPresence,,
/sites/TarjetaMasMetro,"metromalaga.sharepoint.com,206dd0c4-67de-4325-be71-659bf3e50733,6f734dcb-6f39-4945-80a2-eba176892ca1",ClientesTarjetaMetro,ClientesTarjetaMetro,c415af98-8039-4daf-b1d8-cf07190e9c62,https://metromalaga.sharepoint.com/sites/TarjetaMasMetro/Lists/ClientesTarjetaMetro,Editar,Edit,Edit,503f1caa-358e-4918-9094-4a2cdc4bc034,unknown,False,False,True,False,False,,,,,,,,,,,,,,,,,,,
/sites/TarjetaMasMetro,"metromalaga.sharepoint.com,206dd0c4-67de-4325-be71-659bf3e50733,6f734dcb-6f39-4945-80a2-eba176892ca1",ClientesTarjetaMetro,ClientesTarjetaMetro,c415af98-8039-4daf-b1d8-cf07190e9c62,https://metromalaga.sharepoint.com/sites/TarjetaMasMetro/Lists/ClientesTarjetaMetro,El elemento es un registro,_IsRecord,_IsRecord,8382d247-72a9-44b1-9794-7b177edc89f3,unknown,False,False,True,False,False,,,,,,,,,,,,,,,,,,,
/sites/TarjetaMasMetro,"metromalaga.sharepoint.com,206dd0c4-67de-4325-be71-659bf3e50733,6f734dcb-6f39-4945-80a2-eba176892ca1",ClientesTarjetaMetro,ClientesTarjetaMetro,c415af98-8039-4daf-b1d8-cf07190e9c62,https://metromalaga.sharepoint.com/sites/TarjetaMasMetro/Lists/ClientesTarjetaMetro,Etiqueta de color,_ColorTag,_ColorTag,76d13cd2-1bae-45a5-8b74-545b87b65037,text,False,False,True,False,False,,,,,,255.0,,,,,,,,,,,,,
/sites/TarjetaMasMetro,"metromalaga.sharepoint.com,206dd0c4-67de-4325-be71-659bf3e50733,6f734dcb-6f39-4945-80a2-eba176892ca1",ClientesTarjetaMetro,ClientesTarjetaMetro,c415af98-8039-4daf-b1d8-cf07190e9c62,https://metromalaga.sharepoint.com/sites/TarjetaMasMetro/Lists/ClientesTarjetaMetro,Etiqueta de retención,_ComplianceTag,_ComplianceTag,d4b6480a-4bed-4094-9a52-30181ea38f1d,lookup,False,False,True,False,False,,,,,,,,,,,,,ComplianceTag,False,,,,,
/sites/TarjetaMasMetro,"metromalaga.sharepoint.com,206dd0c4-67de-4325-be71-659bf3e50733,6f734dcb-6f39-4945-80a2-eba176892ca1",ClientesTarjetaMetro,ClientesTarjetaMetro,c415af98-8039-4daf-b1d8-cf07190e9c62,https://metromalaga.sharepoint.com/sites/TarjetaMasMetro/Lists/ClientesTarjetaMetro,Etiqueta de retención aplicada,_ComplianceTagWrittenTime,_ComplianceTagWrittenTime,92be610e-ddbb-49f4-b3b1-5c2bc768df8f,lookup,False,False,True,False,False,,,,,,,,,,,,,ComplianceTagWrittenTime,False,,,,,
/sites/TarjetaMasMetro,"metromalaga.sharepoint.com,206dd0c4-67de-4325-be71-659bf3e50733,6f734dcb-6f39-4945-80a2-eba176892ca1",ClientesTarjetaMetro,ClientesTarjetaMetro,c415af98-8039-4daf-b1d8-cf07190e9c62,https://metromalaga.sharepoint.com/sites/TarjetaMasMetro/Lists/ClientesTarjetaMetro,ID,ID,ID,1d22ea11-1e32-424e-89ab-9fedbadb6ce1,unknown,False,False,True,False,False,,,,,,,,,,,,,,,,,,,
/sites/TarjetaMasMetro,"metromalaga.sharepoint.com,206dd0c4-67de-4325-be71-659bf3e50733,6f734dcb-6f39-4945-80a2-eba176892ca1",ClientesTarjetaMetro,ClientesTarjetaMetro,c415af98-8039-4daf-b1d8-cf07190e9c62,https://metromalaga.sharepoint.com/sites/TarjetaMasMetro/Lists/ClientesTarjetaMetro,Id. de activo de cumplimiento normativo,ComplianceAssetId,ComplianceAssetId,3a6b296c-3f50-445c-a13f-9c679ea9dda3,text,False,False,True,False,False,,,,,,255.0,,,,,,,,,,,,,
/sites/TarjetaMasMetro,"metromalaga.sharepoint.com,206dd0c4-67de-4325-be71-659bf3e50733,6f734dcb-6f39-4945-80a2-eba176892ca1",ClientesTarjetaMetro,ClientesTarjetaMetro,c415af98-8039-4daf-b1d8-cf07190e9c62,https://metromalaga.sharepoint.com/sites/TarjetaMasMetro/Lists/ClientesTarjetaMetro,Modificado,Modified,Modified,28cf69c5-fa48-462a-b5cd-27b6f9d2bd5f,dateTime,False,False,True,False,False,,,,,,,,,,default,dateTime,,,,,,,,
/sites/TarjetaMasMetro,"metromalaga.sharepoint.com,206dd0c4-67de-4325-be71-659bf3e50733,6f734dcb-6f39-4945-80a2-eba176892ca1",ClientesTarjetaMetro,ClientesTarjetaMetro,c415af98-8039-4daf-b1d8-cf07190e9c62,https://metromalaga.sharepoint.com/sites/TarjetaMasMetro/Lists/ClientesTarjetaMetro,Modificado por,Editor,Editor,d31655d1-1d5b-4511-95a1-7a09e9b75bf2,personOrGroup,False,False,True,False,False,,,,,,,,,,,,,,,False,peopleAndGroups,nameWithPresence,,
/sites/TarjetaMasMetro,"metromalaga.sharepoint.com,206dd0c4-67de-4325-be71-659bf3e50733,6f734dcb-6f39-4945-80a2-eba176892ca1",ClientesTarjetaMetro,ClientesTarjetaMetro,c415af98-8039-4daf-b1d8-cf07190e9c62,https://metromalaga.sharepoint.com/sites/TarjetaMasMetro/Lists/ClientesTarjetaMetro,Número secundario de elemento,ItemChildCount,ItemChildCount,b824e17e-a1b3-426e-aecf-f0184d900485,lookup,False,False,True,False,False,,,,,,,,,,,,,ItemChildCount,False,,,,,
/sites/TarjetaMasMetro,"metromalaga.sharepoint.com,206dd0c4-67de-4325-be71-659bf3e50733,6f734dcb-6f39-4945-80a2-eba176892ca1",ClientesTarjetaMetro,ClientesTarjetaMetro,c415af98-8039-4daf-b1d8-cf07190e9c62,https://metromalaga.sharepoint.com/sites/TarjetaMasMetro/Lists/ClientesTarjetaMetro,Recuento secundario de carpetas,FolderChildCount,FolderChildCount,960ff01f-2b6d-4f1b-9c3f-e19ad8927341,lookup,False,False,True,False,False,,,,,,,,,,,,,FolderChildCount,False,,,,,
/sites/TarjetaMasMetro,"metromalaga.sharepoint.com,206dd0c4-67de-4325-be71-659bf3e50733,6f734dcb-6f39-4945-80a2-eba176892ca1",ClientesTarjetaMetro,ClientesTarjetaMetro,c415af98-8039-4daf-b1d8-cf07190e9c62,https://metromalaga.sharepoint.com/sites/TarjetaMasMetro/Lists/ClientesTarjetaMetro,Tipo,DocIcon,DocIcon,081c6e4c-5c14-4f20-b23e-1a71ceb6a67c,unknown,False,False,True,False,False,,,,,,,,,,,,,,,,,,,
/sites/TarjetaMasMetro,"metromalaga.sharepoint.com,206dd0c4-67de-4325-be71-659bf3e50733,6f734dcb-6f39-4945-80a2-eba176892ca1",ClientesTarjetaMetro,ClientesTarjetaMetro,c415af98-8039-4daf-b1d8-cf07190e9c62,https://metromalaga.sharepoint.com/sites/TarjetaMasMetro/Lists/ClientesTarjetaMetro,Título,LinkTitleNoMenu,LinkTitleNoMenu,bc91a437-52e7-49e1-8c4e-4698904b2b6d,unknown,False,False,True,False,False,,,,,,,,,,,,,,,,,,,
/sites/TarjetaMasMetro,"metromalaga.sharepoint.com,206dd0c4-67de-4325-be71-659bf3e50733,6f734dcb-6f39-4945-80a2-eba176892ca1",ClientesTarjetaMetro,ClientesTarjetaMetro,c415af98-8039-4daf-b1d8-cf07190e9c62,https://metromalaga.sharepoint.com/sites/TarjetaMasMetro/Lists/ClientesTarjetaMetro,Título,LinkTitle,LinkTitle,82642ec8-ef9b-478f-acf9-31f7d45fbc31,unknown,False,False,True,False,False,,,,,,,,,,,,,,,,,,,
/sites/TarjetaMasMetro,"metromalaga.sharepoint.com,206dd0c4-67de-4325-be71-659bf3e50733,6f734dcb-6f39-4945-80a2-eba176892ca1",ClientesTarjetaMetro,ClientesTarjetaMetro,c415af98-8039-4daf-b1d8-cf07190e9c62,https://metromalaga.sharepoint.com/sites/TarjetaMasMetro/Lists/ClientesTarjetaMetro,Usuario que ha aplicado la etiqueta:,_ComplianceTagUserId,_ComplianceTagUserId,418d7676-2d6f-42cf-a16a-e43d2971252a,lookup,False,False,True,False,False,,,,,,,,,,,,,ComplianceTagUserId,False,,,,,
/sites/TarjetaMasMetro,"metromalaga.sharepoint.com,206dd0c4-67de-4325-be71-659bf3e50733,6f734dcb-6f39-4945-80a2-eba176892ca1",ClientesTarjetaMetro,ClientesTarjetaMetro,c415af98-8039-4daf-b1d8-cf07190e9c62,https://metromalaga.sharepoint.com/sites/TarjetaMasMetro/Lists/ClientesTarjetaMetro,Versión,_UIVersionString,_UIVersionString,dce8262a-3ae9-45aa-aab4-83bd75fb738a,text,False,False,True,False,False,,,,,,255.0,,,,,,,,,,,,,
